-- phpMyAdmin SQL Dump
-- version 4.5.2
-- http://www.phpmyadmin.net
--
-- Host: localhost
-- Generation Time: May 26, 2017 at 08:31 PM
-- Server version: 10.1.16-MariaDB
-- PHP Version: 7.0.9

SET SQL_MODE = "NO_AUTO_VALUE_ON_ZERO";
SET time_zone = "+00:00";


/*!40101 SET @OLD_CHARACTER_SET_CLIENT=@@CHARACTER_SET_CLIENT */;
/*!40101 SET @OLD_CHARACTER_SET_RESULTS=@@CHARACTER_SET_RESULTS */;
/*!40101 SET @OLD_COLLATION_CONNECTION=@@COLLATION_CONNECTION */;
/*!40101 SET NAMES utf8mb4 */;

--
-- Database: `Laraflat`
--

-- --------------------------------------------------------

--
-- Table structure for table `categories`
--

CREATE TABLE `categories` (
  `id` int(10) UNSIGNED NOT NULL,
  `name` varchar(50) COLLATE utf8mb4_unicode_ci NOT NULL,
  `slug` varchar(50) COLLATE utf8mb4_unicode_ci NOT NULL
) ENGINE=InnoDB DEFAULT CHARSET=utf8mb4 COLLATE=utf8mb4_unicode_ci;

--
-- Dumping data for table `categories`
--

INSERT INTO `categories` (`id`, `name`, `slug`) VALUES
(3, '{"en":"Cars","ar":"سيارات"}', 'cars'),
(4, '{"en":"Computers","ar":"اجهزة حاسب الي"}', 'computer'),
(5, '{"en":"Phones","ar":"هواتف نقالة"}', 'mobile');

-- --------------------------------------------------------

--
-- Table structure for table `contact`
--

CREATE TABLE `contact` (
  `id` int(10) UNSIGNED NOT NULL,
  `name` varchar(100) COLLATE utf8mb4_unicode_ci NOT NULL,
  `email` varchar(100) COLLATE utf8mb4_unicode_ci NOT NULL,
  `message` varchar(500) COLLATE utf8mb4_unicode_ci NOT NULL
) ENGINE=InnoDB DEFAULT CHARSET=utf8mb4 COLLATE=utf8mb4_unicode_ci;

-- --------------------------------------------------------

--
-- Table structure for table `country`
--

CREATE TABLE `country` (
  `id` int(10) UNSIGNED NOT NULL,
  `name` varchar(100) COLLATE utf8mb4_unicode_ci NOT NULL,
  `slug` varchar(50) COLLATE utf8mb4_unicode_ci NOT NULL
) ENGINE=InnoDB DEFAULT CHARSET=utf8mb4 COLLATE=utf8mb4_unicode_ci;

--
-- Dumping data for table `country`
--

INSERT INTO `country` (`id`, `name`, `slug`) VALUES
(1, '{"en":"Egypt","ar":"مصر"}', 'egypt'),
(3, '{"en":"Kwait","ar":"الكويت"}', 'kwait'),
(4, '{"en":"Jordun","ar":"الاردن"}', 'jordun'),
(5, '{"en":"Saudi Arabia","ar":"السعودية"}', 'saudi_arabia'),
(6, '{"en":"Libya","ar":"لبيا"}', 'libya'),
(7, '{"en":"Algeria","ar":"الجزائر"}', 'algeria');

-- --------------------------------------------------------

--
-- Table structure for table `groups`
--

CREATE TABLE `groups` (
  `id` int(10) UNSIGNED NOT NULL,
  `name` varchar(191) COLLATE utf8mb4_unicode_ci NOT NULL,
  `slug` varchar(191) COLLATE utf8mb4_unicode_ci NOT NULL,
  `description` varchar(191) COLLATE utf8mb4_unicode_ci DEFAULT NULL
) ENGINE=InnoDB DEFAULT CHARSET=utf8mb4 COLLATE=utf8mb4_unicode_ci;

--
-- Dumping data for table `groups`
--

INSERT INTO `groups` (`id`, `name`, `slug`, `description`) VALUES
(1, 'Admin', 'admin', 'Access to User , permission , role , groups roles'),
(2, 'User', 'user', 'User group '),
(5, 'editor', 'editor', 'editor Group');

-- --------------------------------------------------------

--
-- Table structure for table `group_role`
--

CREATE TABLE `group_role` (
  `id` int(10) UNSIGNED NOT NULL,
  `group_id` int(10) UNSIGNED NOT NULL,
  `role_id` int(10) UNSIGNED NOT NULL
) ENGINE=InnoDB DEFAULT CHARSET=utf8mb4 COLLATE=utf8mb4_unicode_ci;

--
-- Dumping data for table `group_role`
--

INSERT INTO `group_role` (`id`, `group_id`, `role_id`) VALUES
(1, 1, 1),
(2, 1, 2),
(3, 1, 3),
(4, 1, 4),
(5, 1, 5),
(6, 1, 6),
(7, 1, 7),
(8, 1, 8),
(9, 1, 9);

-- --------------------------------------------------------

--
-- Table structure for table `items`
--

CREATE TABLE `items` (
  `id` int(10) UNSIGNED NOT NULL,
  `name` varchar(191) COLLATE utf8mb4_unicode_ci NOT NULL,
  `link` varchar(191) COLLATE utf8mb4_unicode_ci NOT NULL,
  `type` varchar(6) COLLATE utf8mb4_unicode_ci NOT NULL,
  `icon` varchar(100) COLLATE utf8mb4_unicode_ci DEFAULT NULL,
  `parent_id` int(11) NOT NULL,
  `order` int(11) NOT NULL,
  `menu_id` int(10) UNSIGNED NOT NULL
) ENGINE=InnoDB DEFAULT CHARSET=utf8mb4 COLLATE=utf8mb4_unicode_ci;

--
-- Dumping data for table `items`
--

INSERT INTO `items` (`id`, `name`, `link`, `type`, `icon`, `parent_id`, `order`, `menu_id`) VALUES
(1, '{"ar":" الرئيسية ","en":"Home"}', '/admin/home', '', '<i class="material-icons">home</i>', 0, 0, 1),
(2, '{"ar":"الاقسام","en":"Categories"}', '/admin/categorie', '', '<i class="material-icons">control_point_duplicate</i>', 0, 1, 1),
(3, '{"ar":"  المستخدمين ","en":"User"}', '/admin/users', '', '<i class="material-icons">account_circle</i>', 0, 4, 1),
(4, '{"ar":" اعدادت الموقع ","en":"Setting"}', '/admin/settings', '', '<i class="material-icons">insert_emoticon</i>', 0, 6, 1),
(5, '{"ar":" الصفحات ","en":"Page"}', '/admin/page', '', '<i class="material-icons">find_in_page</i>', 0, 7, 1),
(6, '{"ar":" سجل البينات ","en":"Logs"}', '/admin/log', '', '<i class="material-icons">info</i>', 0, 8, 1),
(7, '{"ar":" الاحصائيات ","en":"Statistics"}', '/admin/links', '', '<i class="material-icons">insert_chart</i>', 0, 9, 1),
(8, '{"ar":" المستخدمين ","en":"Users"}', '/admin/user', '', NULL, 3, 0, 1),
(9, '{"ar":" جروبات الاعضاء ","en":"Groups"}', '/admin/group', '', NULL, 3, 1, 1),
(10, '{"ar":" قوانين الاستخدام ","en":"Roles"}', '/admin/role', '', NULL, 3, 2, 1),
(11, '{"ar":" التصاريح ","en":"Permissions"}', '/admin/permission', '', NULL, 3, 3, 1),
(12, '{"ar":" ايقونات الموقع ","en":"Icons"}', '/admin/icons', '', NULL, 4, 0, 1),
(13, '{"ar":"  التوثيق ","en":"Docs"}', '/admin/docs', '', NULL, 4, 1, 1),
(14, '{"ar":" اعدادت الموقع ","en":"Settings"}', '/admin/setting', '', NULL, 4, 2, 1),
(15, '{"ar":" القوائم ","en":"Menu"}', '/admin/menu', '', NULL, 4, 3, 1),
(16, '{"ar":" لارافلات ","en":"laraFalt"}', 'https://laraflat.com/', 'blank', NULL, 0, 0, 2),
(17, '{"ar":" خدمات ويب ","en":"5dmat-web"}', 'https://5dmat-web.com/', 'blank', NULL, 0, 1, 2),
(18, '{"ar":" ستريم لاب ","en":"StreamLab"}', 'https://streamlab.io/', 'blank', NULL, 0, 2, 2),
(19, '{"en":"Country","ar":"الدولة"}', '/admin/country', 'self', '<i class="material-icons">account_balance</i>', 0, 2, 1),
(20, '{"en":"State","ar":"المدن"}', '/admin/state', 'self', '<i class="material-icons">dns</i>', 0, 3, 1),
(22, '{"en":"Product","ar":"المنتجات"}', '/admin/product', 'self', '<i class="material-icons">receipt</i>', 0, 5, 1),
(23, '{"en":"Contact","ar":"اتصل بنا"}', '/admin/contact', 'self', '<i class="material-icons">email</i>', 0, 10, 1),
(24, '{"en":"TitleOne","ar":"العنوان الاول"}', '/', 'blank', NULL, 0, 0, 3),
(25, '{"en":"titleTwo","ar":"الرابط الثاني"}', '/', 'blank', NULL, 0, 0, 3);

-- --------------------------------------------------------

--
-- Table structure for table `links`
--

CREATE TABLE `links` (
  `id` int(10) UNSIGNED NOT NULL,
  `url` varchar(191) COLLATE utf8mb4_unicode_ci NOT NULL,
  `slug` varchar(191) COLLATE utf8mb4_unicode_ci NOT NULL,
  `created_at` timestamp NULL DEFAULT NULL,
  `updated_at` timestamp NULL DEFAULT NULL
) ENGINE=InnoDB DEFAULT CHARSET=utf8mb4 COLLATE=utf8mb4_unicode_ci;

--
-- Dumping data for table `links`
--

INSERT INTO `links` (`id`, `url`, `slug`, `created_at`, `updated_at`) VALUES
(1, 'http://127.0.0.1:8000/en', 'Ax0zoc', '2017-05-13 06:35:33', '2017-05-13 06:35:33'),
(2, 'http://127.0.0.1:8000/ar', 'e5EiWH', '2017-05-13 06:35:56', '2017-05-13 06:35:56'),
(3, 'http://127.0.0.1:8000/ar/page/about_us', 'uQNMoJ', '2017-05-19 00:16:40', '2017-05-19 00:16:40'),
(4, 'http://127.0.0.1:8000/en/page/about_us', 'O3nzLf', '2017-05-19 00:16:48', '2017-05-19 00:16:48'),
(5, 'http://127.0.0.1:8000/ar/login', 'JTrKJB', '2017-05-19 00:20:35', '2017-05-19 00:20:35'),
(6, 'http://127.0.0.1:8000/en/login', 'wdXUiY', '2017-05-19 00:20:38', '2017-05-19 00:20:38'),
(7, 'http://127.0.0.1:8000/en/register', 'XhrATt', '2017-05-19 00:20:40', '2017-05-19 00:20:40'),
(8, 'http://127.0.0.1:8000/en/home', 'h2jANQ', '2017-05-19 00:20:44', '2017-05-19 00:20:44'),
(9, 'http://127.0.0.1:8000/ar/egypt', 'x6VATi', '2017-05-19 08:50:20', '2017-05-19 08:50:20'),
(10, 'http://127.0.0.1:8000/ar/kwait', 'VXNkZJ', '2017-05-19 08:50:29', '2017-05-19 08:50:29'),
(11, 'http://127.0.0.1:8000/ar/jordun', 'w2E5ig', '2017-05-19 08:50:45', '2017-05-19 08:50:45'),
(12, 'http://127.0.0.1:8000/ar/libya', 'G7KUPp', '2017-05-19 08:50:48', '2017-05-19 08:50:48'),
(13, 'http://127.0.0.1:8000/ar/algeria', 'Hi5eIp', '2017-05-19 08:50:49', '2017-05-19 08:50:49'),
(14, 'http://127.0.0.1:8000/en/egypt', 'LoywFw', '2017-05-19 09:14:06', '2017-05-19 09:14:06'),
(15, 'http://127.0.0.1:8000/en/jordun', 'p3Wr5N', '2017-05-19 09:14:08', '2017-05-19 09:14:08'),
(16, 'http://127.0.0.1:8000/ar/product/egypt/asdsadasd', 'h4Zw5X', '2017-05-19 09:29:12', '2017-05-19 09:29:12'),
(17, 'http://127.0.0.1:8000/ar/product/kwait/asdsadasd', 'j1niFM', '2017-05-19 09:30:12', '2017-05-19 09:30:12'),
(18, 'http://127.0.0.1:8000/ar/egypt/cars', 'usfX79', '2017-05-19 11:22:43', '2017-05-19 11:22:43'),
(19, 'http://127.0.0.1:8000/ar/egypt/computer', 'qQdvCR', '2017-05-19 11:23:22', '2017-05-19 11:23:22'),
(20, 'http://127.0.0.1:8000/ar/egypt/mobile', 'vNupjf', '2017-05-19 11:23:35', '2017-05-19 11:23:35'),
(21, 'http://127.0.0.1:8000/ar/allCountry/cars', 'L7LfFM', '2017-05-19 11:23:47', '2017-05-19 11:23:47'),
(22, 'http://127.0.0.1:8000/ar/allCountry', 'Q6gXbD', '2017-05-19 11:23:52', '2017-05-19 11:23:52'),
(23, 'http://127.0.0.1:8000/ar/allCountry/computer', '6iGght', '2017-05-19 11:24:10', '2017-05-19 11:24:10'),
(24, 'http://127.0.0.1:8000/ar/allCountry/mobile', 'xqjhEF', '2017-05-19 11:24:13', '2017-05-19 11:24:13'),
(25, 'http://127.0.0.1:8000/ar/kwait/mobile', 'Mw4sQF', '2017-05-19 11:24:35', '2017-05-19 11:24:35'),
(26, 'http://127.0.0.1:8000/ar/kwait/computer', 'Pqpw2w', '2017-05-19 11:24:39', '2017-05-19 11:24:39'),
(27, 'http://127.0.0.1:8000/en/allCountry/computer', 'rRnvvx', '2017-05-19 11:33:25', '2017-05-19 11:33:25'),
(28, 'http://127.0.0.1:8000/en/allCountry/mobile', 'wQJVcD', '2017-05-19 11:33:28', '2017-05-19 11:33:28'),
(29, 'http://127.0.0.1:8000/en/allCountry/cars', 'qR5Kcb', '2017-05-19 11:33:29', '2017-05-19 11:33:29'),
(30, 'http://127.0.0.1:8000/en/saudi_arabia', 'AUdXJB', '2017-05-19 11:33:32', '2017-05-19 11:33:32'),
(31, 'http://127.0.0.1:8000/en/saudi_arabia/cars', 'LrhLCk', '2017-05-19 13:00:04', '2017-05-19 13:00:04'),
(32, 'http://127.0.0.1:8000/en/product/egypt/asdsadasd', 'HoTMaw', '2017-05-19 13:00:17', '2017-05-19 13:00:17'),
(33, 'http://127.0.0.1:8000/en/egypt/cars', 'Bm1gBN', '2017-05-19 20:23:33', '2017-05-19 20:23:33'),
(34, 'http://127.0.0.1:8000/en/egypt/computer', '61gIde', '2017-05-19 20:23:35', '2017-05-19 20:23:35'),
(35, 'http://127.0.0.1:8000/en/saudi_arabia/mobile', 'HpnoO0', '2017-05-19 20:23:39', '2017-05-19 20:23:39'),
(36, 'http://127.0.0.1:8000/en/saudi_arabia/computer', 'FUxCSg', '2017-05-19 20:23:42', '2017-05-19 20:23:42'),
(37, 'http://127.0.0.1:8000/en/kwait', '7x13uN', '2017-05-19 20:23:47', '2017-05-19 20:23:47'),
(38, 'http://127.0.0.1:8000/en/kwait/computer', 'jIkl9m', '2017-05-19 20:23:50', '2017-05-19 20:23:50'),
(39, 'http://127.0.0.1:8000/en/kwait/mobile', 'GpctgM', '2017-05-19 20:23:53', '2017-05-19 20:23:53'),
(40, 'http://127.0.0.1:8000/en/kwait/cars', 'CmjXju', '2017-05-19 20:23:55', '2017-05-19 20:23:55'),
(41, 'http://127.0.0.1:8000/en/product/kwait/asdsadasd', 'woKa6W', '2017-05-19 20:24:25', '2017-05-19 20:24:25'),
(42, 'http://127.0.0.1:8000/en/egypt/mobile', '5xbcne', '2017-05-19 20:36:43', '2017-05-19 20:36:43'),
(43, 'http://127.0.0.1:8000/en/product/egypt/giza/computer/asdsadasd', 'h7utge', '2017-05-19 20:46:00', '2017-05-19 20:46:00'),
(44, 'http://127.0.0.1:8000/en/product/kwait/giza/computer/asdsadasd', 'N7EZxC', '2017-05-19 20:46:28', '2017-05-19 20:46:28'),
(45, 'http://127.0.0.1:8000/ar/product/egypt/giza/computer/asdsadasd', 'PEbidk', '2017-05-19 21:49:05', '2017-05-19 21:49:05'),
(46, 'http://127.0.0.1:8000/en/egypt/giza/computer', 'aLp0lK', '2017-05-19 23:19:13', '2017-05-19 23:19:13'),
(47, 'http://127.0.0.1:8000/en/egypt/giza', 'Gdhrnh', '2017-05-19 23:20:10', '2017-05-19 23:20:10'),
(48, 'http://127.0.0.1:8000/en/egypt/giza/cars', 'BYmI0x', '2017-05-19 23:27:25', '2017-05-19 23:27:25'),
(49, 'http://127.0.0.1:8000/en/allCountry', 'SNE5d8', '2017-05-19 23:56:50', '2017-05-19 23:56:50'),
(50, 'http://127.0.0.1:8000/en/allCountry/giza', 'h8D4c1', '2017-05-19 23:56:56', '2017-05-19 23:56:56'),
(51, 'http://127.0.0.1:8000/en/egypt/giza/computers', 'KXMVJz', '2017-05-20 00:23:40', '2017-05-20 00:23:40'),
(52, 'http://127.0.0.1:8000/en/allCountry/computers', 'ByEc83', '2017-05-20 00:24:00', '2017-05-20 00:24:00'),
(53, 'http://127.0.0.1:8000/en/product/egypt/cairo/computer/asdsadasd', 'Yvp7Ok', '2017-05-20 00:34:11', '2017-05-20 00:34:11'),
(54, 'http://127.0.0.1:8000/en/egypt/cars/sdsd', 'cMn5o3', '2017-05-20 01:05:45', '2017-05-20 01:05:45'),
(55, 'http://127.0.0.1:8000/en/egypt/cairo', 'jaouKF', '2017-05-20 01:15:34', '2017-05-20 01:15:34'),
(56, 'http://127.0.0.1:8000/en/egypt/cairo/computer', 'FnGo0R', '2017-05-20 01:15:37', '2017-05-20 01:15:37'),
(57, 'http://127.0.0.1:8000/ar/product/egypt/cairo/computer/asdsadasd', 'AmBYWl', '2017-05-20 01:30:54', '2017-05-20 01:30:54'),
(58, 'http://127.0.0.1:8000/en/product/egypt/giza/cars/asdsadasd', 'FgjrDb', '2017-05-20 01:37:26', '2017-05-20 01:37:26'),
(59, 'http://127.0.0.1:8000/en/egypt/cairo/cars', 'ax1lJZ', '2017-05-20 01:38:00', '2017-05-20 01:38:00'),
(60, 'http://127.0.0.1:8000/en/product/egypt/giza/cars/hi', 'DciHJJ', '2017-05-20 01:50:14', '2017-05-20 01:50:14'),
(61, 'http://127.0.0.1:8000/en/product/egypt/giza/computer/mobile_two', 'Uxaccn', '2017-05-20 01:53:54', '2017-05-20 01:53:54'),
(62, 'http://127.0.0.1:8000/en/product/egypt/cairo/cars/mobile_one', 'YRNh6J', '2017-05-20 01:54:05', '2017-05-20 01:54:05'),
(63, 'http://127.0.0.1:8000/en/product/egypt/giza/computer/mobile_three', 'vQSSFe', '2017-05-20 01:54:14', '2017-05-20 01:54:14'),
(64, 'http://127.0.0.1:8000/en/product/egypt/giza/computer/mobile__four', 'sNYptN', '2017-05-20 01:57:25', '2017-05-20 01:57:25'),
(65, 'http://127.0.0.1:8000/ar/egypt/giza', 'HKqlf1', '2017-05-20 02:01:24', '2017-05-20 02:01:24'),
(66, 'http://127.0.0.1:8000/ar/user/ads', 'gRKyfH', '2017-05-20 02:06:10', '2017-05-20 02:06:10'),
(67, 'http://127.0.0.1:8000/ar/product/egypt/giza/cars/HI', 'bHfVY0', '2017-05-20 02:17:17', '2017-05-20 02:17:17'),
(68, 'http://127.0.0.1:8000/en/user/ads', 'K2JA3h', '2017-05-20 02:18:16', '2017-05-20 02:18:16'),
(69, 'http://127.0.0.1:8000/en/addAds', 'QtHzxa', '2017-05-20 02:36:20', '2017-05-20 02:36:20'),
(70, 'http://127.0.0.1:8000/ar/addAds', '7gjeyL', '2017-05-20 09:23:12', '2017-05-20 09:23:12'),
(71, 'http://127.0.0.1:8000/ar/product/egypt/cairo/cars/sdasdasdasdasdasdasd_as_sadas', 's3hTfI', '2017-05-20 10:05:18', '2017-05-20 10:05:18'),
(72, 'http://127.0.0.1:8000/ar/search', 'NtZ8zM', '2017-05-20 12:14:09', '2017-05-20 12:14:09'),
(73, 'http://127.0.0.1:8000/ar/product/egypt/giza/computer/mobile__four', 'uCN5lL', '2017-05-20 12:35:22', '2017-05-20 12:35:22'),
(74, 'http://127.0.0.1:8000/en/product/egypt/cairo/cars/sdasdasdasdasdasdasd_as_sadas', 'CYg9zb', '2017-05-20 16:09:39', '2017-05-20 16:09:39'),
(75, 'http://127.0.0.1:8000/ar/register', 'tVtK7y', '2017-05-25 22:39:14', '2017-05-25 22:39:14'),
(76, 'http://127.0.0.1:8000/ar/product/egypt/cairo/cars/asdasdasd_asdasdasdasdas', 'cdDR2F', '2017-05-25 22:39:31', '2017-05-25 22:39:31'),
(77, 'http://127.0.0.1:8000/ar/egypt/cairo', '2th1WY', '2017-05-25 22:39:34', '2017-05-25 22:39:34'),
(78, 'http://127.0.0.1:8000/ar/product/egypt/cairo/cars/mobile_one', 'aTPyhS', '2017-05-26 01:07:13', '2017-05-26 01:07:13'),
(79, 'http://localhost:8000/ar/product/egypt/cairo/cars/sdasdasdasdasdasdasd_as_sadas', 'dS8KVX', '2017-05-26 01:59:04', '2017-05-26 01:59:04'),
(80, 'http://localhost:8000/ar/login', 'akqSAZ', '2017-05-26 02:08:04', '2017-05-26 02:08:04'),
(81, 'http://localhost:8000/ar', 'HBNJHq', '2017-05-26 02:08:06', '2017-05-26 02:08:06'),
(82, 'http://localhost:8000/ar/addAds', '70HvX9', '2017-05-26 02:08:09', '2017-05-26 02:08:09'),
(83, 'http://127.0.0.1:8000/ar/product/egypt/giza/cars/Postion_Test', 'xZGTxJ', '2017-05-26 03:06:30', '2017-05-26 03:06:30'),
(84, 'http://127.0.0.1:8000/ar/saudi_arabia', 'BSVb37', '2017-05-26 03:23:31', '2017-05-26 03:23:31');

-- --------------------------------------------------------

--
-- Table structure for table `link_views`
--

CREATE TABLE `link_views` (
  `id` int(10) UNSIGNED NOT NULL,
  `link_id` varchar(191) COLLATE utf8mb4_unicode_ci NOT NULL,
  `language` varchar(191) COLLATE utf8mb4_unicode_ci NOT NULL,
  `browser` varchar(191) COLLATE utf8mb4_unicode_ci NOT NULL,
  `browser_version` varchar(191) COLLATE utf8mb4_unicode_ci NOT NULL,
  `os` varchar(191) COLLATE utf8mb4_unicode_ci NOT NULL,
  `os_version` varchar(191) COLLATE utf8mb4_unicode_ci NOT NULL,
  `ip` varchar(191) COLLATE utf8mb4_unicode_ci NOT NULL,
  `created_at` timestamp NULL DEFAULT NULL,
  `updated_at` timestamp NULL DEFAULT NULL
) ENGINE=InnoDB DEFAULT CHARSET=utf8mb4 COLLATE=utf8mb4_unicode_ci;

--
-- Dumping data for table `link_views`
--

INSERT INTO `link_views` (`id`, `link_id`, `language`, `browser`, `browser_version`, `os`, `os_version`, `ip`, `created_at`, `updated_at`) VALUES
(1, '1', 'en', 'Chrome', '57.0.2987.133', 'OS X', '10.11.6', '127.0.0.1', '2017-05-13 06:35:34', '2017-05-13 06:35:34'),
(2, '2', 'en', 'Chrome', '57.0.2987.133', 'OS X', '10.11.6', '127.0.0.1', '2017-05-13 06:35:56', '2017-05-13 06:35:56'),
(3, '2', 'en', 'Chrome', '57.0.2987.133', 'OS X', '10.11.6', '127.0.0.1', '2017-05-13 06:50:19', '2017-05-13 06:50:19'),
(4, '2', 'en', 'Chrome', '57.0.2987.133', 'OS X', '10.11.6', '127.0.0.1', '2017-05-13 07:43:16', '2017-05-13 07:43:16'),
(5, '1', 'en', 'Chrome', '57.0.2987.133', 'OS X', '10.11.6', '127.0.0.1', '2017-05-13 09:29:56', '2017-05-13 09:29:56'),
(6, '2', 'en', 'Chrome', '57.0.2987.133', 'OS X', '10.11.6', '127.0.0.1', '2017-05-13 09:32:49', '2017-05-13 09:32:49'),
(7, '1', 'en', 'Chrome', '57.0.2987.133', 'OS X', '10.11.6', '127.0.0.1', '2017-05-13 09:33:33', '2017-05-13 09:33:33'),
(8, '1', 'en', 'Chrome', '57.0.2987.133', 'OS X', '10.11.6', '127.0.0.1', '2017-05-13 09:33:40', '2017-05-13 09:33:40'),
(9, '1', 'en', 'Chrome', '57.0.2987.133', 'OS X', '10.11.6', '127.0.0.1', '2017-05-13 09:33:41', '2017-05-13 09:33:41'),
(10, '2', 'en', 'Chrome', '57.0.2987.133', 'OS X', '10.11.6', '127.0.0.1', '2017-05-13 18:47:00', '2017-05-13 18:47:00'),
(11, '2', 'en', 'Chrome', '57.0.2987.133', 'OS X', '10.11.6', '127.0.0.1', '2017-05-13 18:47:08', '2017-05-13 18:47:08'),
(12, '2', 'en', 'Chrome', '57.0.2987.133', 'OS X', '10.11.6', '127.0.0.1', '2017-05-13 18:47:13', '2017-05-13 18:47:13'),
(13, '2', 'en', 'Chrome', '57.0.2987.133', 'OS X', '10.11.6', '127.0.0.1', '2017-05-13 18:47:20', '2017-05-13 18:47:20'),
(14, '2', 'en', 'Chrome', '57.0.2987.133', 'OS X', '10.11.6', '127.0.0.1', '2017-05-13 18:47:26', '2017-05-13 18:47:26'),
(15, '2', 'en', 'Chrome', '57.0.2987.133', 'OS X', '10.11.6', '127.0.0.1', '2017-05-13 18:47:30', '2017-05-13 18:47:30'),
(16, '2', 'en', 'Chrome', '57.0.2987.133', 'OS X', '10.11.6', '127.0.0.1', '2017-05-13 18:47:40', '2017-05-13 18:47:40'),
(17, '2', 'en', 'Chrome', '57.0.2987.133', 'OS X', '10.11.6', '127.0.0.1', '2017-05-13 18:48:05', '2017-05-13 18:48:05'),
(18, '2', 'en', 'Chrome', '57.0.2987.133', 'OS X', '10.11.6', '127.0.0.1', '2017-05-13 18:53:31', '2017-05-13 18:53:31'),
(19, '2', 'en', 'Chrome', '57.0.2987.133', 'OS X', '10.11.6', '127.0.0.1', '2017-05-13 18:53:38', '2017-05-13 18:53:38'),
(20, '2', 'en', 'Chrome', '57.0.2987.133', 'OS X', '10.11.6', '127.0.0.1', '2017-05-13 18:53:43', '2017-05-13 18:53:43'),
(21, '2', 'en', 'Chrome', '57.0.2987.133', 'OS X', '10.11.6', '127.0.0.1', '2017-05-13 18:53:51', '2017-05-13 18:53:51'),
(22, '2', 'en', 'Chrome', '57.0.2987.133', 'OS X', '10.11.6', '127.0.0.1', '2017-05-13 18:53:58', '2017-05-13 18:53:58'),
(23, '2', 'en', 'Chrome', '57.0.2987.133', 'OS X', '10.11.6', '127.0.0.1', '2017-05-13 18:54:05', '2017-05-13 18:54:05'),
(24, '2', 'en', 'Chrome', '57.0.2987.133', 'OS X', '10.11.6', '127.0.0.1', '2017-05-13 18:57:34', '2017-05-13 18:57:34'),
(25, '2', 'en', 'Chrome', '57.0.2987.133', 'OS X', '10.11.6', '127.0.0.1', '2017-05-13 18:57:43', '2017-05-13 18:57:43'),
(26, '2', 'en', 'Chrome', '57.0.2987.133', 'OS X', '10.11.6', '127.0.0.1', '2017-05-13 18:58:13', '2017-05-13 18:58:13'),
(27, '2', 'en', 'Chrome', '57.0.2987.133', 'OS X', '10.11.6', '127.0.0.1', '2017-05-13 18:58:29', '2017-05-13 18:58:29'),
(28, '2', 'en', 'Chrome', '57.0.2987.133', 'OS X', '10.11.6', '127.0.0.1', '2017-05-13 18:58:47', '2017-05-13 18:58:47'),
(29, '2', 'en', 'Chrome', '57.0.2987.133', 'OS X', '10.11.6', '127.0.0.1', '2017-05-13 18:59:07', '2017-05-13 18:59:07'),
(30, '2', 'en', 'Chrome', '57.0.2987.133', 'OS X', '10.11.6', '127.0.0.1', '2017-05-13 18:59:50', '2017-05-13 18:59:50'),
(31, '2', 'en', 'Chrome', '57.0.2987.133', 'OS X', '10.11.6', '127.0.0.1', '2017-05-13 19:00:01', '2017-05-13 19:00:01'),
(32, '2', 'en', 'Chrome', '57.0.2987.133', 'OS X', '10.11.6', '127.0.0.1', '2017-05-13 19:00:14', '2017-05-13 19:00:14'),
(33, '2', 'en', 'Chrome', '57.0.2987.133', 'OS X', '10.11.6', '127.0.0.1', '2017-05-13 19:00:16', '2017-05-13 19:00:16'),
(34, '2', 'en', 'Chrome', '57.0.2987.133', 'OS X', '10.11.6', '127.0.0.1', '2017-05-13 19:00:56', '2017-05-13 19:00:56'),
(35, '2', 'en', 'Chrome', '57.0.2987.133', 'OS X', '10.11.6', '127.0.0.1', '2017-05-13 19:01:45', '2017-05-13 19:01:45'),
(36, '2', 'en', 'Chrome', '57.0.2987.133', 'OS X', '10.11.6', '127.0.0.1', '2017-05-13 19:13:42', '2017-05-13 19:13:42'),
(37, '2', 'en', 'Chrome', '57.0.2987.133', 'OS X', '10.11.6', '127.0.0.1', '2017-05-13 19:13:49', '2017-05-13 19:13:49'),
(38, '2', 'en', 'Chrome', '57.0.2987.133', 'OS X', '10.11.6', '127.0.0.1', '2017-05-13 19:13:53', '2017-05-13 19:13:53'),
(39, '2', 'en', 'Chrome', '57.0.2987.133', 'OS X', '10.11.6', '127.0.0.1', '2017-05-13 19:13:58', '2017-05-13 19:13:58'),
(40, '2', 'en', 'Chrome', '57.0.2987.133', 'OS X', '10.11.6', '127.0.0.1', '2017-05-13 19:14:39', '2017-05-13 19:14:39'),
(41, '2', 'en', 'Chrome', '57.0.2987.133', 'OS X', '10.11.6', '127.0.0.1', '2017-05-13 19:14:45', '2017-05-13 19:14:45'),
(42, '2', 'en', 'Chrome', '57.0.2987.133', 'OS X', '10.11.6', '127.0.0.1', '2017-05-13 19:14:53', '2017-05-13 19:14:53'),
(43, '2', 'en', 'Chrome', '57.0.2987.133', 'OS X', '10.11.6', '127.0.0.1', '2017-05-13 19:32:15', '2017-05-13 19:32:15'),
(44, '1', 'en', 'Chrome', '57.0.2987.133', 'OS X', '10.11.6', '127.0.0.1', '2017-05-14 17:03:17', '2017-05-14 17:03:17'),
(45, '2', 'en', 'Chrome', '58.0.3029.110', 'OS X', '10.11.6', '127.0.0.1', '2017-05-18 23:06:29', '2017-05-18 23:06:29'),
(46, '2', 'en', 'Chrome', '58.0.3029.110', 'OS X', '10.11.6', '127.0.0.1', '2017-05-18 23:06:50', '2017-05-18 23:06:50'),
(47, '2', 'en', 'Chrome', '58.0.3029.110', 'OS X', '10.11.6', '127.0.0.1', '2017-05-18 23:08:21', '2017-05-18 23:08:21'),
(48, '2', 'en', 'Chrome', '58.0.3029.110', 'OS X', '10.11.6', '127.0.0.1', '2017-05-19 00:09:52', '2017-05-19 00:09:52'),
(49, '1', 'en', 'Chrome', '58.0.3029.110', 'OS X', '10.11.6', '127.0.0.1', '2017-05-19 00:09:54', '2017-05-19 00:09:54'),
(50, '2', 'en', 'Chrome', '58.0.3029.110', 'OS X', '10.11.6', '127.0.0.1', '2017-05-19 00:12:25', '2017-05-19 00:12:25'),
(51, '2', 'en', 'Chrome', '58.0.3029.110', 'OS X', '10.11.6', '127.0.0.1', '2017-05-19 00:14:58', '2017-05-19 00:14:58'),
(52, '1', 'en', 'Chrome', '58.0.3029.110', 'OS X', '10.11.6', '127.0.0.1', '2017-05-19 00:15:05', '2017-05-19 00:15:05'),
(53, '2', 'en', 'Chrome', '58.0.3029.110', 'OS X', '10.11.6', '127.0.0.1', '2017-05-19 00:15:06', '2017-05-19 00:15:06'),
(54, '1', 'en', 'Chrome', '58.0.3029.110', 'OS X', '10.11.6', '127.0.0.1', '2017-05-19 00:15:10', '2017-05-19 00:15:10'),
(55, '2', 'en', 'Chrome', '58.0.3029.110', 'OS X', '10.11.6', '127.0.0.1', '2017-05-19 00:15:13', '2017-05-19 00:15:13'),
(56, '2', 'en', 'Chrome', '58.0.3029.110', 'OS X', '10.11.6', '127.0.0.1', '2017-05-19 00:15:36', '2017-05-19 00:15:36'),
(57, '3', 'en', 'Chrome', '58.0.3029.110', 'OS X', '10.11.6', '127.0.0.1', '2017-05-19 00:16:40', '2017-05-19 00:16:40'),
(58, '1', 'en', 'Chrome', '58.0.3029.110', 'OS X', '10.11.6', '127.0.0.1', '2017-05-19 00:16:47', '2017-05-19 00:16:47'),
(59, '4', 'en', 'Chrome', '58.0.3029.110', 'OS X', '10.11.6', '127.0.0.1', '2017-05-19 00:16:48', '2017-05-19 00:16:48'),
(60, '4', 'en', 'Chrome', '58.0.3029.110', 'OS X', '10.11.6', '127.0.0.1', '2017-05-19 00:17:36', '2017-05-19 00:17:36'),
(61, '4', 'en', 'Chrome', '58.0.3029.110', 'OS X', '10.11.6', '127.0.0.1', '2017-05-19 00:18:26', '2017-05-19 00:18:26'),
(62, '4', 'en', 'Chrome', '58.0.3029.110', 'OS X', '10.11.6', '127.0.0.1', '2017-05-19 00:18:28', '2017-05-19 00:18:28'),
(63, '4', 'en', 'Chrome', '58.0.3029.110', 'OS X', '10.11.6', '127.0.0.1', '2017-05-19 00:18:29', '2017-05-19 00:18:29'),
(64, '3', 'en', 'Chrome', '58.0.3029.110', 'OS X', '10.11.6', '127.0.0.1', '2017-05-19 00:18:29', '2017-05-19 00:18:29'),
(65, '2', 'en', 'Chrome', '58.0.3029.110', 'OS X', '10.11.6', '127.0.0.1', '2017-05-19 00:19:22', '2017-05-19 00:19:22'),
(66, '3', 'en', 'Chrome', '58.0.3029.110', 'OS X', '10.11.6', '127.0.0.1', '2017-05-19 00:19:31', '2017-05-19 00:19:31'),
(67, '5', 'en', 'Chrome', '58.0.3029.110', 'OS X', '10.11.6', '127.0.0.1', '2017-05-19 00:20:36', '2017-05-19 00:20:36'),
(68, '5', 'en', 'Chrome', '58.0.3029.110', 'OS X', '10.11.6', '127.0.0.1', '2017-05-19 00:20:38', '2017-05-19 00:20:38'),
(69, '6', 'en', 'Chrome', '58.0.3029.110', 'OS X', '10.11.6', '127.0.0.1', '2017-05-19 00:20:39', '2017-05-19 00:20:39'),
(70, '6', 'en', 'Chrome', '58.0.3029.110', 'OS X', '10.11.6', '127.0.0.1', '2017-05-19 00:20:39', '2017-05-19 00:20:39'),
(71, '7', 'en', 'Chrome', '58.0.3029.110', 'OS X', '10.11.6', '127.0.0.1', '2017-05-19 00:20:40', '2017-05-19 00:20:40'),
(72, '6', 'en', 'Chrome', '58.0.3029.110', 'OS X', '10.11.6', '127.0.0.1', '2017-05-19 00:20:42', '2017-05-19 00:20:42'),
(73, '8', 'en', 'Chrome', '58.0.3029.110', 'OS X', '10.11.6', '127.0.0.1', '2017-05-19 00:20:44', '2017-05-19 00:20:44'),
(74, '1', 'en', 'Chrome', '58.0.3029.110', 'OS X', '10.11.6', '127.0.0.1', '2017-05-19 00:20:46', '2017-05-19 00:20:46'),
(75, '1', 'en', 'Chrome', '58.0.3029.110', 'OS X', '10.11.6', '127.0.0.1', '2017-05-19 00:20:50', '2017-05-19 00:20:50'),
(76, '6', 'en', 'Chrome', '58.0.3029.110', 'OS X', '10.11.6', '127.0.0.1', '2017-05-19 00:33:31', '2017-05-19 00:33:31'),
(77, '5', 'en', 'Chrome', '58.0.3029.110', 'OS X', '10.11.6', '127.0.0.1', '2017-05-19 00:33:33', '2017-05-19 00:33:33'),
(78, '6', 'en', 'Chrome', '58.0.3029.110', 'OS X', '10.11.6', '127.0.0.1', '2017-05-19 00:33:33', '2017-05-19 00:33:33'),
(79, '8', 'en', 'Chrome', '58.0.3029.110', 'OS X', '10.11.6', '127.0.0.1', '2017-05-19 00:33:36', '2017-05-19 00:33:36'),
(80, '1', 'en', 'Chrome', '58.0.3029.110', 'OS X', '10.11.6', '127.0.0.1', '2017-05-19 00:33:42', '2017-05-19 00:33:42'),
(81, '1', 'en', 'Chrome', '58.0.3029.110', 'OS X', '10.11.6', '127.0.0.1', '2017-05-19 00:52:18', '2017-05-19 00:52:18'),
(82, '1', 'en', 'Chrome', '58.0.3029.110', 'OS X', '10.11.6', '127.0.0.1', '2017-05-19 00:52:44', '2017-05-19 00:52:44'),
(83, '1', 'en', 'Chrome', '58.0.3029.110', 'OS X', '10.11.6', '127.0.0.1', '2017-05-19 00:54:54', '2017-05-19 00:54:54'),
(84, '1', 'en', 'Chrome', '58.0.3029.110', 'OS X', '10.11.6', '127.0.0.1', '2017-05-19 01:08:40', '2017-05-19 01:08:40'),
(85, '1', 'en', 'Chrome', '58.0.3029.110', 'OS X', '10.11.6', '127.0.0.1', '2017-05-19 01:09:01', '2017-05-19 01:09:01'),
(86, '1', 'en', 'Chrome', '58.0.3029.110', 'OS X', '10.11.6', '127.0.0.1', '2017-05-19 01:14:33', '2017-05-19 01:14:33'),
(87, '1', 'en', 'Chrome', '58.0.3029.110', 'OS X', '10.11.6', '127.0.0.1', '2017-05-19 01:15:22', '2017-05-19 01:15:22'),
(88, '1', 'en', 'Chrome', '58.0.3029.110', 'OS X', '10.11.6', '127.0.0.1', '2017-05-19 01:17:28', '2017-05-19 01:17:28'),
(89, '1', 'en', 'Chrome', '58.0.3029.110', 'OS X', '10.11.6', '127.0.0.1', '2017-05-19 01:20:15', '2017-05-19 01:20:15'),
(90, '1', 'en', 'Chrome', '58.0.3029.110', 'OS X', '10.11.6', '127.0.0.1', '2017-05-19 01:20:32', '2017-05-19 01:20:32'),
(91, '1', 'en', 'Chrome', '58.0.3029.110', 'OS X', '10.11.6', '127.0.0.1', '2017-05-19 01:20:55', '2017-05-19 01:20:55'),
(92, '1', 'en', 'Chrome', '58.0.3029.110', 'OS X', '10.11.6', '127.0.0.1', '2017-05-19 01:21:01', '2017-05-19 01:21:01'),
(93, '1', 'en', 'Chrome', '58.0.3029.110', 'OS X', '10.11.6', '127.0.0.1', '2017-05-19 01:22:30', '2017-05-19 01:22:30'),
(94, '1', 'en', 'Chrome', '58.0.3029.110', 'OS X', '10.11.6', '127.0.0.1', '2017-05-19 01:23:52', '2017-05-19 01:23:52'),
(95, '6', 'en', 'Chrome', '58.0.3029.110', 'OS X', '10.11.6', '127.0.0.1', '2017-05-19 01:24:32', '2017-05-19 01:24:32'),
(96, '1', 'en', 'Chrome', '58.0.3029.110', 'OS X', '10.11.6', '127.0.0.1', '2017-05-19 01:25:01', '2017-05-19 01:25:01'),
(97, '1', 'en', 'Chrome', '58.0.3029.110', 'OS X', '10.11.6', '127.0.0.1', '2017-05-19 01:25:37', '2017-05-19 01:25:37'),
(98, '6', 'en', 'Chrome', '58.0.3029.110', 'OS X', '10.11.6', '127.0.0.1', '2017-05-19 01:25:38', '2017-05-19 01:25:38'),
(99, '1', 'en', 'Chrome', '58.0.3029.110', 'OS X', '10.11.6', '127.0.0.1', '2017-05-19 01:25:41', '2017-05-19 01:25:41'),
(100, '2', 'en', 'Chrome', '58.0.3029.110', 'OS X', '10.11.6', '127.0.0.1', '2017-05-19 01:29:46', '2017-05-19 01:29:46'),
(101, '1', 'en', 'Chrome', '58.0.3029.110', 'OS X', '10.11.6', '127.0.0.1', '2017-05-19 01:30:14', '2017-05-19 01:30:14'),
(102, '2', 'en', 'Chrome', '58.0.3029.110', 'OS X', '10.11.6', '127.0.0.1', '2017-05-19 01:30:16', '2017-05-19 01:30:16'),
(103, '1', 'en', 'Chrome', '58.0.3029.110', 'OS X', '10.11.6', '127.0.0.1', '2017-05-19 01:32:57', '2017-05-19 01:32:57'),
(104, '1', 'en', 'Chrome', '58.0.3029.110', 'OS X', '10.11.6', '127.0.0.1', '2017-05-19 01:35:47', '2017-05-19 01:35:47'),
(105, '2', 'en', 'Chrome', '58.0.3029.110', 'OS X', '10.11.6', '127.0.0.1', '2017-05-19 01:35:53', '2017-05-19 01:35:53'),
(106, '2', 'en', 'Chrome', '58.0.3029.110', 'OS X', '10.11.6', '127.0.0.1', '2017-05-19 01:42:08', '2017-05-19 01:42:08'),
(107, '2', 'en', 'Chrome', '58.0.3029.110', 'OS X', '10.11.6', '127.0.0.1', '2017-05-19 01:43:01', '2017-05-19 01:43:01'),
(108, '2', 'en', 'Chrome', '58.0.3029.110', 'OS X', '10.11.6', '127.0.0.1', '2017-05-19 01:49:42', '2017-05-19 01:49:42'),
(109, '2', 'en', 'Chrome', '58.0.3029.110', 'OS X', '10.11.6', '127.0.0.1', '2017-05-19 01:51:23', '2017-05-19 01:51:23'),
(110, '2', 'en', 'Chrome', '58.0.3029.110', 'OS X', '10.11.6', '127.0.0.1', '2017-05-19 08:30:10', '2017-05-19 08:30:10'),
(111, '5', 'en', 'Chrome', '58.0.3029.110', 'OS X', '10.11.6', '127.0.0.1', '2017-05-19 08:31:37', '2017-05-19 08:31:37'),
(112, '2', 'en', 'Chrome', '58.0.3029.110', 'OS X', '10.11.6', '127.0.0.1', '2017-05-19 08:31:44', '2017-05-19 08:31:44'),
(113, '2', 'en', 'Chrome', '58.0.3029.110', 'OS X', '10.11.6', '127.0.0.1', '2017-05-19 08:33:40', '2017-05-19 08:33:40'),
(114, '2', 'en', 'Chrome', '58.0.3029.110', 'OS X', '10.11.6', '127.0.0.1', '2017-05-19 08:34:02', '2017-05-19 08:34:02'),
(115, '2', 'en', 'Chrome', '58.0.3029.110', 'OS X', '10.11.6', '127.0.0.1', '2017-05-19 08:40:58', '2017-05-19 08:40:58'),
(116, '2', 'en', 'Chrome', '58.0.3029.110', 'OS X', '10.11.6', '127.0.0.1', '2017-05-19 08:44:41', '2017-05-19 08:44:41'),
(117, '1', 'en', 'Chrome', '58.0.3029.110', 'OS X', '10.11.6', '127.0.0.1', '2017-05-19 08:44:47', '2017-05-19 08:44:47'),
(118, '1', 'en', 'Chrome', '58.0.3029.110', 'OS X', '10.11.6', '127.0.0.1', '2017-05-19 08:45:15', '2017-05-19 08:45:15'),
(119, '2', 'en', 'Chrome', '58.0.3029.110', 'OS X', '10.11.6', '127.0.0.1', '2017-05-19 08:45:19', '2017-05-19 08:45:19'),
(120, '9', 'en', 'Chrome', '58.0.3029.110', 'OS X', '10.11.6', '127.0.0.1', '2017-05-19 08:50:20', '2017-05-19 08:50:20'),
(121, '10', 'en', 'Chrome', '58.0.3029.110', 'OS X', '10.11.6', '127.0.0.1', '2017-05-19 08:50:29', '2017-05-19 08:50:29'),
(122, '11', 'en', 'Chrome', '58.0.3029.110', 'OS X', '10.11.6', '127.0.0.1', '2017-05-19 08:50:46', '2017-05-19 08:50:46'),
(123, '12', 'en', 'Chrome', '58.0.3029.110', 'OS X', '10.11.6', '127.0.0.1', '2017-05-19 08:50:48', '2017-05-19 08:50:48'),
(124, '13', 'en', 'Chrome', '58.0.3029.110', 'OS X', '10.11.6', '127.0.0.1', '2017-05-19 08:50:50', '2017-05-19 08:50:50'),
(125, '9', 'en', 'Chrome', '58.0.3029.110', 'OS X', '10.11.6', '127.0.0.1', '2017-05-19 08:50:52', '2017-05-19 08:50:52'),
(126, '2', 'en', 'Chrome', '58.0.3029.110', 'OS X', '10.11.6', '127.0.0.1', '2017-05-19 09:13:51', '2017-05-19 09:13:51'),
(127, '1', 'en', 'Chrome', '58.0.3029.110', 'OS X', '10.11.6', '127.0.0.1', '2017-05-19 09:14:01', '2017-05-19 09:14:01'),
(128, '14', 'en', 'Chrome', '58.0.3029.110', 'OS X', '10.11.6', '127.0.0.1', '2017-05-19 09:14:06', '2017-05-19 09:14:06'),
(129, '15', 'en', 'Chrome', '58.0.3029.110', 'OS X', '10.11.6', '127.0.0.1', '2017-05-19 09:14:08', '2017-05-19 09:14:08'),
(130, '14', 'en', 'Chrome', '58.0.3029.110', 'OS X', '10.11.6', '127.0.0.1', '2017-05-19 09:14:12', '2017-05-19 09:14:12'),
(131, '14', 'en', 'Chrome', '58.0.3029.110', 'OS X', '10.11.6', '127.0.0.1', '2017-05-19 09:17:37', '2017-05-19 09:17:37'),
(132, '1', 'en', 'Chrome', '58.0.3029.110', 'OS X', '10.11.6', '127.0.0.1', '2017-05-19 09:17:44', '2017-05-19 09:17:44'),
(133, '1', 'en', 'Chrome', '58.0.3029.110', 'OS X', '10.11.6', '127.0.0.1', '2017-05-19 09:18:12', '2017-05-19 09:18:12'),
(134, '2', 'en', 'Chrome', '58.0.3029.110', 'OS X', '10.11.6', '127.0.0.1', '2017-05-19 09:18:15', '2017-05-19 09:18:15'),
(135, '2', 'en', 'Chrome', '58.0.3029.110', 'OS X', '10.11.6', '127.0.0.1', '2017-05-19 09:20:53', '2017-05-19 09:20:53'),
(136, '16', 'en', 'Chrome', '58.0.3029.110', 'OS X', '10.11.6', '127.0.0.1', '2017-05-19 09:29:12', '2017-05-19 09:29:12'),
(137, '2', 'en', 'Chrome', '58.0.3029.110', 'OS X', '10.11.6', '127.0.0.1', '2017-05-19 09:29:17', '2017-05-19 09:29:17'),
(138, '16', 'en', 'Chrome', '58.0.3029.110', 'OS X', '10.11.6', '127.0.0.1', '2017-05-19 09:29:19', '2017-05-19 09:29:19'),
(139, '2', 'en', 'Chrome', '58.0.3029.110', 'OS X', '10.11.6', '127.0.0.1', '2017-05-19 09:30:06', '2017-05-19 09:30:06'),
(140, '16', 'en', 'Chrome', '58.0.3029.110', 'OS X', '10.11.6', '127.0.0.1', '2017-05-19 09:30:08', '2017-05-19 09:30:08'),
(141, '17', 'en', 'Chrome', '58.0.3029.110', 'OS X', '10.11.6', '127.0.0.1', '2017-05-19 09:30:12', '2017-05-19 09:30:12'),
(142, '16', 'en', 'Chrome', '58.0.3029.110', 'OS X', '10.11.6', '127.0.0.1', '2017-05-19 09:52:59', '2017-05-19 09:52:59'),
(143, '9', 'en', 'Chrome', '58.0.3029.110', 'OS X', '10.11.6', '127.0.0.1', '2017-05-19 09:53:05', '2017-05-19 09:53:05'),
(144, '10', 'en', 'Chrome', '58.0.3029.110', 'OS X', '10.11.6', '127.0.0.1', '2017-05-19 09:54:01', '2017-05-19 09:54:01'),
(145, '13', 'en', 'Chrome', '58.0.3029.110', 'OS X', '10.11.6', '127.0.0.1', '2017-05-19 09:54:04', '2017-05-19 09:54:04'),
(146, '9', 'en', 'Chrome', '58.0.3029.110', 'OS X', '10.11.6', '127.0.0.1', '2017-05-19 09:54:05', '2017-05-19 09:54:05'),
(147, '2', 'en', 'Chrome', '58.0.3029.110', 'OS X', '10.11.6', '127.0.0.1', '2017-05-19 09:54:10', '2017-05-19 09:54:10'),
(148, '2', 'en', 'Chrome', '58.0.3029.110', 'OS X', '10.11.6', '127.0.0.1', '2017-05-19 09:58:56', '2017-05-19 09:58:56'),
(149, '2', 'en', 'Chrome', '58.0.3029.110', 'OS X', '10.11.6', '127.0.0.1', '2017-05-19 09:58:59', '2017-05-19 09:58:59'),
(150, '10', 'en', 'Chrome', '58.0.3029.110', 'OS X', '10.11.6', '127.0.0.1', '2017-05-19 09:59:02', '2017-05-19 09:59:02'),
(151, '11', 'en', 'Chrome', '58.0.3029.110', 'OS X', '10.11.6', '127.0.0.1', '2017-05-19 10:05:53', '2017-05-19 10:05:53'),
(152, '9', 'en', 'Chrome', '58.0.3029.110', 'OS X', '10.11.6', '127.0.0.1', '2017-05-19 10:05:55', '2017-05-19 10:05:55'),
(153, '16', 'en', 'Chrome', '58.0.3029.110', 'OS X', '10.11.6', '127.0.0.1', '2017-05-19 10:06:01', '2017-05-19 10:06:01'),
(154, '2', 'en', 'Chrome', '58.0.3029.110', 'OS X', '10.11.6', '127.0.0.1', '2017-05-19 10:08:28', '2017-05-19 10:08:28'),
(155, '17', 'en', 'Chrome', '58.0.3029.110', 'OS X', '10.11.6', '127.0.0.1', '2017-05-19 10:09:15', '2017-05-19 10:09:15'),
(156, '9', 'en', 'Chrome', '58.0.3029.110', 'OS X', '10.11.6', '127.0.0.1', '2017-05-19 10:09:32', '2017-05-19 10:09:32'),
(157, '11', 'en', 'Chrome', '58.0.3029.110', 'OS X', '10.11.6', '127.0.0.1', '2017-05-19 10:09:34', '2017-05-19 10:09:34'),
(158, '13', 'en', 'Chrome', '58.0.3029.110', 'OS X', '10.11.6', '127.0.0.1', '2017-05-19 10:09:36', '2017-05-19 10:09:36'),
(159, '9', 'en', 'Chrome', '58.0.3029.110', 'OS X', '10.11.6', '127.0.0.1', '2017-05-19 10:09:37', '2017-05-19 10:09:37'),
(160, '14', 'en', 'Chrome', '58.0.3029.110', 'OS X', '10.11.6', '127.0.0.1', '2017-05-19 10:10:03', '2017-05-19 10:10:03'),
(161, '9', 'en', 'Chrome', '58.0.3029.110', 'OS X', '10.11.6', '127.0.0.1', '2017-05-19 10:10:05', '2017-05-19 10:10:05'),
(162, '9', 'en', 'Chrome', '58.0.3029.110', 'OS X', '10.11.6', '127.0.0.1', '2017-05-19 10:12:03', '2017-05-19 10:12:03'),
(163, '9', 'en', 'Chrome', '58.0.3029.110', 'OS X', '10.11.6', '127.0.0.1', '2017-05-19 10:12:05', '2017-05-19 10:12:05'),
(164, '2', 'en', 'Chrome', '58.0.3029.110', 'OS X', '10.11.6', '127.0.0.1', '2017-05-19 10:20:04', '2017-05-19 10:20:04'),
(165, '9', 'en', 'Chrome', '58.0.3029.110', 'OS X', '10.11.6', '127.0.0.1', '2017-05-19 10:20:07', '2017-05-19 10:20:07'),
(166, '10', 'en', 'Chrome', '58.0.3029.110', 'OS X', '10.11.6', '127.0.0.1', '2017-05-19 10:20:09', '2017-05-19 10:20:09'),
(167, '9', 'en', 'Chrome', '58.0.3029.110', 'OS X', '10.11.6', '127.0.0.1', '2017-05-19 10:20:15', '2017-05-19 10:20:15'),
(168, '2', 'en', 'Chrome', '58.0.3029.110', 'OS X', '10.11.6', '127.0.0.1', '2017-05-19 10:20:19', '2017-05-19 10:20:19'),
(169, '10', 'en', 'Chrome', '58.0.3029.110', 'OS X', '10.11.6', '127.0.0.1', '2017-05-19 10:25:24', '2017-05-19 10:25:24'),
(170, '10', 'en', 'Chrome', '58.0.3029.110', 'OS X', '10.11.6', '127.0.0.1', '2017-05-19 10:25:27', '2017-05-19 10:25:27'),
(171, '9', 'en', 'Chrome', '58.0.3029.110', 'OS X', '10.11.6', '127.0.0.1', '2017-05-19 10:25:28', '2017-05-19 10:25:28'),
(172, '13', 'en', 'Chrome', '58.0.3029.110', 'OS X', '10.11.6', '127.0.0.1', '2017-05-19 10:25:31', '2017-05-19 10:25:31'),
(173, '9', 'en', 'Chrome', '58.0.3029.110', 'OS X', '10.11.6', '127.0.0.1', '2017-05-19 10:25:33', '2017-05-19 10:25:33'),
(174, '10', 'en', 'Chrome', '58.0.3029.110', 'OS X', '10.11.6', '127.0.0.1', '2017-05-19 10:51:03', '2017-05-19 10:51:03'),
(175, '10', 'en', 'Chrome', '58.0.3029.110', 'OS X', '10.11.6', '127.0.0.1', '2017-05-19 10:59:38', '2017-05-19 10:59:38'),
(176, '2', 'en', 'Chrome', '58.0.3029.110', 'OS X', '10.11.6', '127.0.0.1', '2017-05-19 10:59:41', '2017-05-19 10:59:41'),
(177, '10', 'en', 'Chrome', '58.0.3029.110', 'OS X', '10.11.6', '127.0.0.1', '2017-05-19 11:00:12', '2017-05-19 11:00:12'),
(178, '9', 'en', 'Chrome', '58.0.3029.110', 'OS X', '10.11.6', '127.0.0.1', '2017-05-19 11:00:15', '2017-05-19 11:00:15'),
(179, '2', 'en', 'Chrome', '58.0.3029.110', 'OS X', '10.11.6', '127.0.0.1', '2017-05-19 11:00:19', '2017-05-19 11:00:19'),
(180, '2', 'en', 'Chrome', '58.0.3029.110', 'OS X', '10.11.6', '127.0.0.1', '2017-05-19 11:02:19', '2017-05-19 11:02:19'),
(181, '9', 'en', 'Chrome', '58.0.3029.110', 'OS X', '10.11.6', '127.0.0.1', '2017-05-19 11:02:21', '2017-05-19 11:02:21'),
(182, '5', 'en', 'Chrome', '58.0.3029.110', 'OS X', '10.11.6', '127.0.0.1', '2017-05-19 11:02:50', '2017-05-19 11:02:50'),
(183, '9', 'en', 'Chrome', '58.0.3029.110', 'OS X', '10.11.6', '127.0.0.1', '2017-05-19 11:02:52', '2017-05-19 11:02:52'),
(184, '10', 'en', 'Chrome', '58.0.3029.110', 'OS X', '10.11.6', '127.0.0.1', '2017-05-19 11:02:55', '2017-05-19 11:02:55'),
(185, '5', 'en', 'Chrome', '58.0.3029.110', 'OS X', '10.11.6', '127.0.0.1', '2017-05-19 11:02:58', '2017-05-19 11:02:58'),
(186, '2', 'en', 'Chrome', '58.0.3029.110', 'OS X', '10.11.6', '127.0.0.1', '2017-05-19 11:06:26', '2017-05-19 11:06:26'),
(187, '9', 'en', 'Chrome', '58.0.3029.110', 'OS X', '10.11.6', '127.0.0.1', '2017-05-19 11:06:43', '2017-05-19 11:06:43'),
(188, '2', 'en', 'Chrome', '58.0.3029.110', 'OS X', '10.11.6', '127.0.0.1', '2017-05-19 11:06:53', '2017-05-19 11:06:53'),
(189, '9', 'en', 'Chrome', '58.0.3029.110', 'OS X', '10.11.6', '127.0.0.1', '2017-05-19 11:07:14', '2017-05-19 11:07:14'),
(190, '9', 'en', 'Chrome', '58.0.3029.110', 'OS X', '10.11.6', '127.0.0.1', '2017-05-19 11:12:10', '2017-05-19 11:12:10'),
(191, '2', 'en', 'Chrome', '58.0.3029.110', 'OS X', '10.11.6', '127.0.0.1', '2017-05-19 11:12:29', '2017-05-19 11:12:29'),
(192, '2', 'en', 'Chrome', '58.0.3029.110', 'OS X', '10.11.6', '127.0.0.1', '2017-05-19 11:13:52', '2017-05-19 11:13:52'),
(193, '9', 'en', 'Chrome', '58.0.3029.110', 'OS X', '10.11.6', '127.0.0.1', '2017-05-19 11:14:03', '2017-05-19 11:14:03'),
(194, '18', 'en', 'Chrome', '58.0.3029.110', 'OS X', '10.11.6', '127.0.0.1', '2017-05-19 11:22:43', '2017-05-19 11:22:43'),
(195, '19', 'en', 'Chrome', '58.0.3029.110', 'OS X', '10.11.6', '127.0.0.1', '2017-05-19 11:23:22', '2017-05-19 11:23:22'),
(196, '20', 'en', 'Chrome', '58.0.3029.110', 'OS X', '10.11.6', '127.0.0.1', '2017-05-19 11:23:35', '2017-05-19 11:23:35'),
(197, '18', 'en', 'Chrome', '58.0.3029.110', 'OS X', '10.11.6', '127.0.0.1', '2017-05-19 11:23:38', '2017-05-19 11:23:38'),
(198, '21', 'en', 'Chrome', '58.0.3029.110', 'OS X', '10.11.6', '127.0.0.1', '2017-05-19 11:23:47', '2017-05-19 11:23:47'),
(199, '22', 'en', 'Chrome', '58.0.3029.110', 'OS X', '10.11.6', '127.0.0.1', '2017-05-19 11:23:52', '2017-05-19 11:23:52'),
(200, '21', 'en', 'Chrome', '58.0.3029.110', 'OS X', '10.11.6', '127.0.0.1', '2017-05-19 11:24:08', '2017-05-19 11:24:08'),
(201, '23', 'en', 'Chrome', '58.0.3029.110', 'OS X', '10.11.6', '127.0.0.1', '2017-05-19 11:24:10', '2017-05-19 11:24:10'),
(202, '24', 'en', 'Chrome', '58.0.3029.110', 'OS X', '10.11.6', '127.0.0.1', '2017-05-19 11:24:13', '2017-05-19 11:24:13'),
(203, '9', 'en', 'Chrome', '58.0.3029.110', 'OS X', '10.11.6', '127.0.0.1', '2017-05-19 11:24:17', '2017-05-19 11:24:17'),
(204, '19', 'en', 'Chrome', '58.0.3029.110', 'OS X', '10.11.6', '127.0.0.1', '2017-05-19 11:24:19', '2017-05-19 11:24:19'),
(205, '19', 'en', 'Chrome', '58.0.3029.110', 'OS X', '10.11.6', '127.0.0.1', '2017-05-19 11:24:21', '2017-05-19 11:24:21'),
(206, '20', 'en', 'Chrome', '58.0.3029.110', 'OS X', '10.11.6', '127.0.0.1', '2017-05-19 11:24:23', '2017-05-19 11:24:23'),
(207, '2', 'en', 'Chrome', '58.0.3029.110', 'OS X', '10.11.6', '127.0.0.1', '2017-05-19 11:24:25', '2017-05-19 11:24:25'),
(208, '23', 'en', 'Chrome', '58.0.3029.110', 'OS X', '10.11.6', '127.0.0.1', '2017-05-19 11:24:29', '2017-05-19 11:24:29'),
(209, '10', 'en', 'Chrome', '58.0.3029.110', 'OS X', '10.11.6', '127.0.0.1', '2017-05-19 11:24:33', '2017-05-19 11:24:33'),
(210, '25', 'en', 'Chrome', '58.0.3029.110', 'OS X', '10.11.6', '127.0.0.1', '2017-05-19 11:24:36', '2017-05-19 11:24:36'),
(211, '26', 'en', 'Chrome', '58.0.3029.110', 'OS X', '10.11.6', '127.0.0.1', '2017-05-19 11:24:39', '2017-05-19 11:24:39'),
(212, '2', 'en', 'Chrome', '58.0.3029.110', 'OS X', '10.11.6', '127.0.0.1', '2017-05-19 11:24:44', '2017-05-19 11:24:44'),
(213, '24', 'en', 'Chrome', '58.0.3029.110', 'OS X', '10.11.6', '127.0.0.1', '2017-05-19 11:24:46', '2017-05-19 11:24:46'),
(214, '23', 'en', 'Chrome', '58.0.3029.110', 'OS X', '10.11.6', '127.0.0.1', '2017-05-19 11:24:49', '2017-05-19 11:24:49'),
(215, '21', 'en', 'Chrome', '58.0.3029.110', 'OS X', '10.11.6', '127.0.0.1', '2017-05-19 11:24:51', '2017-05-19 11:24:51'),
(216, '21', 'en', 'Chrome', '58.0.3029.110', 'OS X', '10.11.6', '127.0.0.1', '2017-05-19 11:25:23', '2017-05-19 11:25:23'),
(217, '9', 'en', 'Chrome', '58.0.3029.110', 'OS X', '10.11.6', '127.0.0.1', '2017-05-19 11:25:26', '2017-05-19 11:25:26'),
(218, '2', 'en', 'Chrome', '58.0.3029.110', 'OS X', '10.11.6', '127.0.0.1', '2017-05-19 11:25:29', '2017-05-19 11:25:29'),
(219, '2', 'en', 'Chrome', '58.0.3029.110', 'OS X', '10.11.6', '127.0.0.1', '2017-05-19 11:26:56', '2017-05-19 11:26:56'),
(220, '2', 'en', 'Chrome', '58.0.3029.110', 'OS X', '10.11.6', '127.0.0.1', '2017-05-19 11:26:59', '2017-05-19 11:26:59'),
(221, '1', 'en', 'Chrome', '58.0.3029.110', 'OS X', '10.11.6', '127.0.0.1', '2017-05-19 11:33:22', '2017-05-19 11:33:22'),
(222, '27', 'en', 'Chrome', '58.0.3029.110', 'OS X', '10.11.6', '127.0.0.1', '2017-05-19 11:33:26', '2017-05-19 11:33:26'),
(223, '28', 'en', 'Chrome', '58.0.3029.110', 'OS X', '10.11.6', '127.0.0.1', '2017-05-19 11:33:28', '2017-05-19 11:33:28'),
(224, '29', 'en', 'Chrome', '58.0.3029.110', 'OS X', '10.11.6', '127.0.0.1', '2017-05-19 11:33:30', '2017-05-19 11:33:30'),
(225, '30', 'en', 'Chrome', '58.0.3029.110', 'OS X', '10.11.6', '127.0.0.1', '2017-05-19 11:33:32', '2017-05-19 11:33:32'),
(226, '14', 'en', 'Chrome', '58.0.3029.110', 'OS X', '10.11.6', '127.0.0.1', '2017-05-19 11:33:34', '2017-05-19 11:33:34'),
(227, '6', 'en', 'Chrome', '58.0.3029.110', 'OS X', '10.11.6', '127.0.0.1', '2017-05-19 11:33:37', '2017-05-19 11:33:37'),
(228, '1', 'en', 'Chrome', '58.0.3029.110', 'OS X', '10.11.6', '127.0.0.1', '2017-05-19 11:33:39', '2017-05-19 11:33:39'),
(229, '29', 'en', 'Chrome', '58.0.3029.110', 'OS X', '10.11.6', '127.0.0.1', '2017-05-19 12:59:36', '2017-05-19 12:59:36'),
(230, '27', 'en', 'Chrome', '58.0.3029.110', 'OS X', '10.11.6', '127.0.0.1', '2017-05-19 12:59:39', '2017-05-19 12:59:39'),
(231, '14', 'en', 'Chrome', '58.0.3029.110', 'OS X', '10.11.6', '127.0.0.1', '2017-05-19 12:59:59', '2017-05-19 12:59:59'),
(232, '30', 'en', 'Chrome', '58.0.3029.110', 'OS X', '10.11.6', '127.0.0.1', '2017-05-19 13:00:02', '2017-05-19 13:00:02'),
(233, '31', 'en', 'Chrome', '58.0.3029.110', 'OS X', '10.11.6', '127.0.0.1', '2017-05-19 13:00:04', '2017-05-19 13:00:04'),
(234, '14', 'en', 'Chrome', '58.0.3029.110', 'OS X', '10.11.6', '127.0.0.1', '2017-05-19 13:00:05', '2017-05-19 13:00:05'),
(235, '32', 'en', 'Chrome', '58.0.3029.110', 'OS X', '10.11.6', '127.0.0.1', '2017-05-19 13:00:17', '2017-05-19 13:00:17'),
(236, '32', 'en', 'Chrome', '58.0.3029.110', 'OS X', '10.11.6', '127.0.0.1', '2017-05-19 20:22:55', '2017-05-19 20:22:55'),
(237, '14', 'en', 'Chrome', '58.0.3029.110', 'OS X', '10.11.6', '127.0.0.1', '2017-05-19 20:23:28', '2017-05-19 20:23:28'),
(238, '33', 'en', 'Chrome', '58.0.3029.110', 'OS X', '10.11.6', '127.0.0.1', '2017-05-19 20:23:33', '2017-05-19 20:23:33'),
(239, '34', 'en', 'Chrome', '58.0.3029.110', 'OS X', '10.11.6', '127.0.0.1', '2017-05-19 20:23:36', '2017-05-19 20:23:36'),
(240, '30', 'en', 'Chrome', '58.0.3029.110', 'OS X', '10.11.6', '127.0.0.1', '2017-05-19 20:23:37', '2017-05-19 20:23:37'),
(241, '35', 'en', 'Chrome', '58.0.3029.110', 'OS X', '10.11.6', '127.0.0.1', '2017-05-19 20:23:39', '2017-05-19 20:23:39'),
(242, '36', 'en', 'Chrome', '58.0.3029.110', 'OS X', '10.11.6', '127.0.0.1', '2017-05-19 20:23:42', '2017-05-19 20:23:42'),
(243, '31', 'en', 'Chrome', '58.0.3029.110', 'OS X', '10.11.6', '127.0.0.1', '2017-05-19 20:23:45', '2017-05-19 20:23:45'),
(244, '37', 'en', 'Chrome', '58.0.3029.110', 'OS X', '10.11.6', '127.0.0.1', '2017-05-19 20:23:47', '2017-05-19 20:23:47'),
(245, '38', 'en', 'Chrome', '58.0.3029.110', 'OS X', '10.11.6', '127.0.0.1', '2017-05-19 20:23:50', '2017-05-19 20:23:50'),
(246, '39', 'en', 'Chrome', '58.0.3029.110', 'OS X', '10.11.6', '127.0.0.1', '2017-05-19 20:23:53', '2017-05-19 20:23:53'),
(247, '40', 'en', 'Chrome', '58.0.3029.110', 'OS X', '10.11.6', '127.0.0.1', '2017-05-19 20:23:55', '2017-05-19 20:23:55'),
(248, '14', 'en', 'Chrome', '58.0.3029.110', 'OS X', '10.11.6', '127.0.0.1', '2017-05-19 20:23:57', '2017-05-19 20:23:57'),
(249, '32', 'en', 'Chrome', '58.0.3029.110', 'OS X', '10.11.6', '127.0.0.1', '2017-05-19 20:23:59', '2017-05-19 20:23:59'),
(250, '37', 'en', 'Chrome', '58.0.3029.110', 'OS X', '10.11.6', '127.0.0.1', '2017-05-19 20:24:23', '2017-05-19 20:24:23'),
(251, '41', 'en', 'Chrome', '58.0.3029.110', 'OS X', '10.11.6', '127.0.0.1', '2017-05-19 20:24:25', '2017-05-19 20:24:25'),
(252, '41', 'en', 'Chrome', '58.0.3029.110', 'OS X', '10.11.6', '127.0.0.1', '2017-05-19 20:26:52', '2017-05-19 20:26:52'),
(253, '41', 'en', 'Chrome', '58.0.3029.110', 'OS X', '10.11.6', '127.0.0.1', '2017-05-19 20:29:16', '2017-05-19 20:29:16'),
(254, '1', 'en', 'Chrome', '58.0.3029.110', 'OS X', '10.11.6', '127.0.0.1', '2017-05-19 20:29:24', '2017-05-19 20:29:24'),
(255, '32', 'en', 'Chrome', '58.0.3029.110', 'OS X', '10.11.6', '127.0.0.1', '2017-05-19 20:29:28', '2017-05-19 20:29:28'),
(256, '32', 'en', 'Chrome', '58.0.3029.110', 'OS X', '10.11.6', '127.0.0.1', '2017-05-19 20:30:03', '2017-05-19 20:30:03'),
(257, '14', 'en', 'Chrome', '58.0.3029.110', 'OS X', '10.11.6', '127.0.0.1', '2017-05-19 20:30:06', '2017-05-19 20:30:06'),
(258, '32', 'en', 'Chrome', '58.0.3029.110', 'OS X', '10.11.6', '127.0.0.1', '2017-05-19 20:30:08', '2017-05-19 20:30:08'),
(259, '1', 'en', 'Chrome', '58.0.3029.110', 'OS X', '10.11.6', '127.0.0.1', '2017-05-19 20:30:22', '2017-05-19 20:30:22'),
(260, '1', 'en', 'Chrome', '58.0.3029.110', 'OS X', '10.11.6', '127.0.0.1', '2017-05-19 20:30:26', '2017-05-19 20:30:26'),
(261, '6', 'en', 'Chrome', '58.0.3029.110', 'OS X', '10.11.6', '127.0.0.1', '2017-05-19 20:30:30', '2017-05-19 20:30:30'),
(262, '1', 'en', 'Chrome', '58.0.3029.110', 'OS X', '10.11.6', '127.0.0.1', '2017-05-19 20:30:53', '2017-05-19 20:30:53'),
(263, '32', 'en', 'Chrome', '58.0.3029.110', 'OS X', '10.11.6', '127.0.0.1', '2017-05-19 20:30:56', '2017-05-19 20:30:56'),
(264, '29', 'en', 'Chrome', '58.0.3029.110', 'OS X', '10.11.6', '127.0.0.1', '2017-05-19 20:31:25', '2017-05-19 20:31:25'),
(265, '21', 'en', 'Chrome', '58.0.3029.110', 'OS X', '10.11.6', '127.0.0.1', '2017-05-19 20:31:28', '2017-05-19 20:31:28'),
(266, '29', 'en', 'Chrome', '58.0.3029.110', 'OS X', '10.11.6', '127.0.0.1', '2017-05-19 20:31:30', '2017-05-19 20:31:30'),
(267, '1', 'en', 'Chrome', '58.0.3029.110', 'OS X', '10.11.6', '127.0.0.1', '2017-05-19 20:31:32', '2017-05-19 20:31:32'),
(268, '6', 'en', 'Chrome', '58.0.3029.110', 'OS X', '10.11.6', '127.0.0.1', '2017-05-19 20:32:02', '2017-05-19 20:32:02'),
(269, '1', 'en', 'Chrome', '58.0.3029.110', 'OS X', '10.11.6', '127.0.0.1', '2017-05-19 20:32:20', '2017-05-19 20:32:20'),
(270, '32', 'en', 'Chrome', '58.0.3029.110', 'OS X', '10.11.6', '127.0.0.1', '2017-05-19 20:32:23', '2017-05-19 20:32:23'),
(271, '6', 'en', 'Chrome', '58.0.3029.110', 'OS X', '10.11.6', '127.0.0.1', '2017-05-19 20:33:28', '2017-05-19 20:33:28'),
(272, '7', 'en', 'Chrome', '58.0.3029.110', 'OS X', '10.11.6', '127.0.0.1', '2017-05-19 20:33:30', '2017-05-19 20:33:30'),
(273, '1', 'en', 'Chrome', '58.0.3029.110', 'OS X', '10.11.6', '127.0.0.1', '2017-05-19 20:33:48', '2017-05-19 20:33:48'),
(274, '32', 'en', 'Chrome', '58.0.3029.110', 'OS X', '10.11.6', '127.0.0.1', '2017-05-19 20:33:49', '2017-05-19 20:33:49'),
(275, '6', 'en', 'Chrome', '58.0.3029.110', 'OS X', '10.11.6', '127.0.0.1', '2017-05-19 20:36:06', '2017-05-19 20:36:06'),
(276, '29', 'en', 'Chrome', '58.0.3029.110', 'OS X', '10.11.6', '127.0.0.1', '2017-05-19 20:36:09', '2017-05-19 20:36:09'),
(277, '1', 'en', 'Chrome', '58.0.3029.110', 'OS X', '10.11.6', '127.0.0.1', '2017-05-19 20:36:15', '2017-05-19 20:36:15'),
(278, '27', 'en', 'Chrome', '58.0.3029.110', 'OS X', '10.11.6', '127.0.0.1', '2017-05-19 20:36:19', '2017-05-19 20:36:19'),
(279, '32', 'en', 'Chrome', '58.0.3029.110', 'OS X', '10.11.6', '127.0.0.1', '2017-05-19 20:36:24', '2017-05-19 20:36:24'),
(280, '34', 'en', 'Chrome', '58.0.3029.110', 'OS X', '10.11.6', '127.0.0.1', '2017-05-19 20:36:26', '2017-05-19 20:36:26'),
(281, '33', 'en', 'Chrome', '58.0.3029.110', 'OS X', '10.11.6', '127.0.0.1', '2017-05-19 20:36:36', '2017-05-19 20:36:36'),
(282, '42', 'en', 'Chrome', '58.0.3029.110', 'OS X', '10.11.6', '127.0.0.1', '2017-05-19 20:36:44', '2017-05-19 20:36:44'),
(283, '1', 'en', 'Chrome', '58.0.3029.110', 'OS X', '10.11.6', '127.0.0.1', '2017-05-19 20:37:11', '2017-05-19 20:37:11'),
(284, '32', 'en', 'Chrome', '58.0.3029.110', 'OS X', '10.11.6', '127.0.0.1', '2017-05-19 20:37:13', '2017-05-19 20:37:13'),
(285, '6', 'en', 'Chrome', '58.0.3029.110', 'OS X', '10.11.6', '127.0.0.1', '2017-05-19 20:43:00', '2017-05-19 20:43:00'),
(286, '1', 'en', 'Chrome', '58.0.3029.110', 'OS X', '10.11.6', '127.0.0.1', '2017-05-19 20:43:03', '2017-05-19 20:43:03'),
(287, '1', 'en', 'Chrome', '58.0.3029.110', 'OS X', '10.11.6', '127.0.0.1', '2017-05-19 20:45:52', '2017-05-19 20:45:52'),
(288, '43', 'en', 'Chrome', '58.0.3029.110', 'OS X', '10.11.6', '127.0.0.1', '2017-05-19 20:46:00', '2017-05-19 20:46:00'),
(289, '37', 'en', 'Chrome', '58.0.3029.110', 'OS X', '10.11.6', '127.0.0.1', '2017-05-19 20:46:25', '2017-05-19 20:46:25'),
(290, '44', 'en', 'Chrome', '58.0.3029.110', 'OS X', '10.11.6', '127.0.0.1', '2017-05-19 20:46:28', '2017-05-19 20:46:28'),
(291, '1', 'en', 'Chrome', '58.0.3029.110', 'OS X', '10.11.6', '127.0.0.1', '2017-05-19 20:46:54', '2017-05-19 20:46:54'),
(292, '43', 'en', 'Chrome', '58.0.3029.110', 'OS X', '10.11.6', '127.0.0.1', '2017-05-19 20:47:01', '2017-05-19 20:47:01'),
(293, '43', 'en', 'Chrome', '58.0.3029.110', 'OS X', '10.11.6', '127.0.0.1', '2017-05-19 21:07:52', '2017-05-19 21:07:52'),
(294, '43', 'en', 'Chrome', '58.0.3029.110', 'OS X', '10.11.6', '127.0.0.1', '2017-05-19 21:10:35', '2017-05-19 21:10:35'),
(295, '43', 'en', 'Chrome', '58.0.3029.110', 'OS X', '10.11.6', '127.0.0.1', '2017-05-19 21:11:10', '2017-05-19 21:11:10'),
(296, '43', 'en', 'Chrome', '58.0.3029.110', 'OS X', '10.11.6', '127.0.0.1', '2017-05-19 21:12:07', '2017-05-19 21:12:07'),
(297, '43', 'en', 'Chrome', '58.0.3029.110', 'OS X', '10.11.6', '127.0.0.1', '2017-05-19 21:12:32', '2017-05-19 21:12:32'),
(298, '43', 'en', 'Chrome', '58.0.3029.110', 'OS X', '10.11.6', '127.0.0.1', '2017-05-19 21:12:52', '2017-05-19 21:12:52'),
(299, '43', 'en', 'Chrome', '58.0.3029.110', 'OS X', '10.11.6', '127.0.0.1', '2017-05-19 21:13:01', '2017-05-19 21:13:01'),
(300, '1', 'en', 'Chrome', '58.0.3029.110', 'OS X', '10.11.6', '127.0.0.1', '2017-05-19 21:22:17', '2017-05-19 21:22:17'),
(301, '43', 'en', 'Chrome', '58.0.3029.110', 'OS X', '10.11.6', '127.0.0.1', '2017-05-19 21:22:25', '2017-05-19 21:22:25'),
(302, '43', 'en', 'Chrome', '58.0.3029.110', 'OS X', '10.11.6', '127.0.0.1', '2017-05-19 21:25:41', '2017-05-19 21:25:41'),
(303, '1', 'en', 'Chrome', '58.0.3029.110', 'OS X', '10.11.6', '127.0.0.1', '2017-05-19 21:25:56', '2017-05-19 21:25:56'),
(304, '1', 'en', 'Chrome', '58.0.3029.110', 'OS X', '10.11.6', '127.0.0.1', '2017-05-19 21:26:49', '2017-05-19 21:26:49'),
(305, '43', 'en', 'Chrome', '58.0.3029.110', 'OS X', '10.11.6', '127.0.0.1', '2017-05-19 21:26:55', '2017-05-19 21:26:55'),
(306, '45', 'en', 'Chrome', '58.0.3029.110', 'OS X', '10.11.6', '127.0.0.1', '2017-05-19 21:49:06', '2017-05-19 21:49:06'),
(307, '2', 'en', 'Chrome', '58.0.3029.110', 'OS X', '10.11.6', '127.0.0.1', '2017-05-19 22:02:01', '2017-05-19 22:02:01'),
(308, '45', 'en', 'Chrome', '58.0.3029.110', 'OS X', '10.11.6', '127.0.0.1', '2017-05-19 22:02:10', '2017-05-19 22:02:10'),
(309, '21', 'en', 'Chrome', '58.0.3029.110', 'OS X', '10.11.6', '127.0.0.1', '2017-05-19 22:02:16', '2017-05-19 22:02:16'),
(310, '21', 'en', 'Chrome', '58.0.3029.110', 'OS X', '10.11.6', '127.0.0.1', '2017-05-19 22:02:23', '2017-05-19 22:02:23'),
(311, '23', 'en', 'Chrome', '58.0.3029.110', 'OS X', '10.11.6', '127.0.0.1', '2017-05-19 22:02:26', '2017-05-19 22:02:26'),
(312, '10', 'en', 'Chrome', '58.0.3029.110', 'OS X', '10.11.6', '127.0.0.1', '2017-05-19 22:02:28', '2017-05-19 22:02:28'),
(313, '9', 'en', 'Chrome', '58.0.3029.110', 'OS X', '10.11.6', '127.0.0.1', '2017-05-19 22:02:33', '2017-05-19 22:02:33'),
(314, '45', 'en', 'Chrome', '58.0.3029.110', 'OS X', '10.11.6', '127.0.0.1', '2017-05-19 22:03:42', '2017-05-19 22:03:42'),
(315, '45', 'en', 'Chrome', '58.0.3029.110', 'OS X', '10.11.6', '127.0.0.1', '2017-05-19 22:12:10', '2017-05-19 22:12:10'),
(316, '45', 'en', 'Chrome', '58.0.3029.110', 'OS X', '10.11.6', '127.0.0.1', '2017-05-19 22:12:52', '2017-05-19 22:12:52'),
(317, '45', 'en', 'Chrome', '58.0.3029.110', 'OS X', '10.11.6', '127.0.0.1', '2017-05-19 22:13:11', '2017-05-19 22:13:11'),
(318, '45', 'en', 'Chrome', '58.0.3029.110', 'OS X', '10.11.6', '127.0.0.1', '2017-05-19 22:16:43', '2017-05-19 22:16:43'),
(319, '45', 'en', 'Chrome', '58.0.3029.110', 'OS X', '10.11.6', '127.0.0.1', '2017-05-19 22:17:27', '2017-05-19 22:17:27'),
(320, '45', 'en', 'Chrome', '58.0.3029.110', 'OS X', '10.11.6', '127.0.0.1', '2017-05-19 22:17:31', '2017-05-19 22:17:31'),
(321, '45', 'en', 'Chrome', '58.0.3029.110', 'OS X', '10.11.6', '127.0.0.1', '2017-05-19 22:21:19', '2017-05-19 22:21:19'),
(322, '45', 'en', 'Chrome', '58.0.3029.110', 'OS X', '10.11.6', '127.0.0.1', '2017-05-19 22:21:54', '2017-05-19 22:21:54'),
(323, '45', 'en', 'Chrome', '58.0.3029.110', 'OS X', '10.11.6', '127.0.0.1', '2017-05-19 22:22:24', '2017-05-19 22:22:24'),
(324, '45', 'en', 'Chrome', '58.0.3029.110', 'OS X', '10.11.6', '127.0.0.1', '2017-05-19 22:22:31', '2017-05-19 22:22:31'),
(325, '45', 'en', 'Chrome', '58.0.3029.110', 'OS X', '10.11.6', '127.0.0.1', '2017-05-19 22:22:46', '2017-05-19 22:22:46'),
(326, '45', 'en', 'Chrome', '58.0.3029.110', 'OS X', '10.11.6', '127.0.0.1', '2017-05-19 22:24:07', '2017-05-19 22:24:07'),
(327, '45', 'en', 'Chrome', '58.0.3029.110', 'OS X', '10.11.6', '127.0.0.1', '2017-05-19 22:24:16', '2017-05-19 22:24:16'),
(328, '45', 'en', 'Chrome', '58.0.3029.110', 'OS X', '10.11.6', '127.0.0.1', '2017-05-19 22:24:20', '2017-05-19 22:24:20'),
(329, '45', 'en', 'Chrome', '58.0.3029.110', 'OS X', '10.11.6', '127.0.0.1', '2017-05-19 22:24:24', '2017-05-19 22:24:24'),
(330, '45', 'en', 'Chrome', '58.0.3029.110', 'OS X', '10.11.6', '127.0.0.1', '2017-05-19 22:24:38', '2017-05-19 22:24:38'),
(331, '45', 'en', 'Chrome', '58.0.3029.110', 'OS X', '10.11.6', '127.0.0.1', '2017-05-19 22:26:19', '2017-05-19 22:26:19'),
(332, '45', 'en', 'Chrome', '58.0.3029.110', 'OS X', '10.11.6', '127.0.0.1', '2017-05-19 22:26:29', '2017-05-19 22:26:29'),
(333, '45', 'en', 'Chrome', '58.0.3029.110', 'OS X', '10.11.6', '127.0.0.1', '2017-05-19 22:26:35', '2017-05-19 22:26:35'),
(334, '45', 'en', 'Chrome', '58.0.3029.110', 'OS X', '10.11.6', '127.0.0.1', '2017-05-19 22:26:46', '2017-05-19 22:26:46'),
(335, '45', 'en', 'Chrome', '58.0.3029.110', 'OS X', '10.11.6', '127.0.0.1', '2017-05-19 22:27:11', '2017-05-19 22:27:11'),
(336, '45', 'en', 'Chrome', '58.0.3029.110', 'OS X', '10.11.6', '127.0.0.1', '2017-05-19 22:27:29', '2017-05-19 22:27:29'),
(337, '45', 'en', 'Chrome', '58.0.3029.110', 'OS X', '10.11.6', '127.0.0.1', '2017-05-19 22:28:23', '2017-05-19 22:28:23'),
(338, '45', 'en', 'Chrome', '58.0.3029.110', 'OS X', '10.11.6', '127.0.0.1', '2017-05-19 22:29:17', '2017-05-19 22:29:17'),
(339, '45', 'en', 'Chrome', '58.0.3029.110', 'OS X', '10.11.6', '127.0.0.1', '2017-05-19 22:29:25', '2017-05-19 22:29:25'),
(340, '45', 'en', 'Chrome', '58.0.3029.110', 'OS X', '10.11.6', '127.0.0.1', '2017-05-19 22:30:27', '2017-05-19 22:30:27'),
(341, '45', 'en', 'Chrome', '58.0.3029.110', 'OS X', '10.11.6', '127.0.0.1', '2017-05-19 22:30:35', '2017-05-19 22:30:35'),
(342, '45', 'en', 'Chrome', '58.0.3029.110', 'OS X', '10.11.6', '127.0.0.1', '2017-05-19 22:31:31', '2017-05-19 22:31:31'),
(343, '45', 'en', 'Chrome', '58.0.3029.110', 'OS X', '10.11.6', '127.0.0.1', '2017-05-19 22:31:44', '2017-05-19 22:31:44'),
(344, '2', 'en', 'Chrome', '58.0.3029.110', 'OS X', '10.11.6', '127.0.0.1', '2017-05-19 22:32:02', '2017-05-19 22:32:02'),
(345, '45', 'en', 'Chrome', '58.0.3029.110', 'OS X', '10.11.6', '127.0.0.1', '2017-05-19 22:32:04', '2017-05-19 22:32:04'),
(346, '45', 'en', 'Chrome', '58.0.3029.110', 'OS X', '10.11.6', '127.0.0.1', '2017-05-19 22:32:17', '2017-05-19 22:32:17'),
(347, '45', 'en', 'Chrome', '58.0.3029.110', 'OS X', '10.11.6', '127.0.0.1', '2017-05-19 22:32:56', '2017-05-19 22:32:56'),
(348, '45', 'en', 'Chrome', '58.0.3029.110', 'OS X', '10.11.6', '127.0.0.1', '2017-05-19 22:33:28', '2017-05-19 22:33:28'),
(349, '45', 'en', 'Chrome', '58.0.3029.110', 'OS X', '10.11.6', '127.0.0.1', '2017-05-19 22:33:38', '2017-05-19 22:33:38'),
(350, '45', 'en', 'Chrome', '58.0.3029.110', 'OS X', '10.11.6', '127.0.0.1', '2017-05-19 22:35:45', '2017-05-19 22:35:45'),
(351, '45', 'en', 'Chrome', '58.0.3029.110', 'OS X', '10.11.6', '127.0.0.1', '2017-05-19 22:35:55', '2017-05-19 22:35:55'),
(352, '45', 'en', 'Chrome', '58.0.3029.110', 'OS X', '10.11.6', '127.0.0.1', '2017-05-19 22:36:41', '2017-05-19 22:36:41'),
(353, '45', 'en', 'Chrome', '58.0.3029.110', 'OS X', '10.11.6', '127.0.0.1', '2017-05-19 22:37:05', '2017-05-19 22:37:05'),
(354, '45', 'en', 'Chrome', '58.0.3029.110', 'OS X', '10.11.6', '127.0.0.1', '2017-05-19 22:37:34', '2017-05-19 22:37:34'),
(355, '45', 'en', 'Chrome', '58.0.3029.110', 'OS X', '10.11.6', '127.0.0.1', '2017-05-19 22:37:58', '2017-05-19 22:37:58'),
(356, '45', 'en', 'Chrome', '58.0.3029.110', 'OS X', '10.11.6', '127.0.0.1', '2017-05-19 22:39:40', '2017-05-19 22:39:40'),
(357, '45', 'en', 'Chrome', '58.0.3029.110', 'OS X', '10.11.6', '127.0.0.1', '2017-05-19 22:40:06', '2017-05-19 22:40:06'),
(358, '45', 'en', 'Chrome', '58.0.3029.110', 'OS X', '10.11.6', '127.0.0.1', '2017-05-19 22:40:43', '2017-05-19 22:40:43'),
(359, '45', 'en', 'Chrome', '58.0.3029.110', 'OS X', '10.11.6', '127.0.0.1', '2017-05-19 22:44:05', '2017-05-19 22:44:05'),
(360, '45', 'en', 'Chrome', '58.0.3029.110', 'OS X', '10.11.6', '127.0.0.1', '2017-05-19 22:44:30', '2017-05-19 22:44:30'),
(361, '45', 'en', 'Chrome', '58.0.3029.110', 'OS X', '10.11.6', '127.0.0.1', '2017-05-19 22:44:55', '2017-05-19 22:44:55'),
(362, '45', 'en', 'Chrome', '58.0.3029.110', 'OS X', '10.11.6', '127.0.0.1', '2017-05-19 22:45:36', '2017-05-19 22:45:36'),
(363, '45', 'en', 'Chrome', '58.0.3029.110', 'OS X', '10.11.6', '127.0.0.1', '2017-05-19 22:45:55', '2017-05-19 22:45:55'),
(364, '45', 'en', 'Chrome', '58.0.3029.110', 'OS X', '10.11.6', '127.0.0.1', '2017-05-19 22:46:49', '2017-05-19 22:46:49'),
(365, '45', 'en', 'Chrome', '58.0.3029.110', 'OS X', '10.11.6', '127.0.0.1', '2017-05-19 22:49:27', '2017-05-19 22:49:27'),
(366, '45', 'en', 'Chrome', '58.0.3029.110', 'OS X', '10.11.6', '127.0.0.1', '2017-05-19 22:50:16', '2017-05-19 22:50:16'),
(367, '45', 'en', 'Chrome', '58.0.3029.110', 'OS X', '10.11.6', '127.0.0.1', '2017-05-19 22:50:26', '2017-05-19 22:50:26'),
(368, '45', 'en', 'Chrome', '58.0.3029.110', 'OS X', '10.11.6', '127.0.0.1', '2017-05-19 22:58:03', '2017-05-19 22:58:03'),
(369, '45', 'en', 'Chrome', '58.0.3029.110', 'OS X', '10.11.6', '127.0.0.1', '2017-05-19 22:58:49', '2017-05-19 22:58:49'),
(370, '45', 'en', 'Chrome', '58.0.3029.110', 'OS X', '10.11.6', '127.0.0.1', '2017-05-19 23:05:18', '2017-05-19 23:05:18'),
(371, '9', 'en', 'Chrome', '58.0.3029.110', 'OS X', '10.11.6', '127.0.0.1', '2017-05-19 23:06:02', '2017-05-19 23:06:02'),
(372, '18', 'en', 'Chrome', '58.0.3029.110', 'OS X', '10.11.6', '127.0.0.1', '2017-05-19 23:06:04', '2017-05-19 23:06:04'),
(373, '33', 'en', 'Chrome', '58.0.3029.110', 'OS X', '10.11.6', '127.0.0.1', '2017-05-19 23:06:06', '2017-05-19 23:06:06'),
(374, '14', 'en', 'Chrome', '58.0.3029.110', 'OS X', '10.11.6', '127.0.0.1', '2017-05-19 23:06:08', '2017-05-19 23:06:08'),
(375, '43', 'en', 'Chrome', '58.0.3029.110', 'OS X', '10.11.6', '127.0.0.1', '2017-05-19 23:06:11', '2017-05-19 23:06:11'),
(376, '14', 'en', 'Chrome', '58.0.3029.110', 'OS X', '10.11.6', '127.0.0.1', '2017-05-19 23:06:17', '2017-05-19 23:06:17'),
(377, '43', 'en', 'Chrome', '58.0.3029.110', 'OS X', '10.11.6', '127.0.0.1', '2017-05-19 23:06:25', '2017-05-19 23:06:25'),
(378, '33', 'en', 'Chrome', '58.0.3029.110', 'OS X', '10.11.6', '127.0.0.1', '2017-05-19 23:09:44', '2017-05-19 23:09:44'),
(379, '14', 'en', 'Chrome', '58.0.3029.110', 'OS X', '10.11.6', '127.0.0.1', '2017-05-19 23:12:38', '2017-05-19 23:12:38'),
(380, '14', 'en', 'Chrome', '58.0.3029.110', 'OS X', '10.11.6', '127.0.0.1', '2017-05-19 23:13:54', '2017-05-19 23:13:54'),
(381, '14', 'en', 'Chrome', '58.0.3029.110', 'OS X', '10.11.6', '127.0.0.1', '2017-05-19 23:19:03', '2017-05-19 23:19:03'),
(382, '43', 'en', 'Chrome', '58.0.3029.110', 'OS X', '10.11.6', '127.0.0.1', '2017-05-19 23:19:05', '2017-05-19 23:19:05'),
(383, '46', 'en', 'Chrome', '58.0.3029.110', 'OS X', '10.11.6', '127.0.0.1', '2017-05-19 23:19:13', '2017-05-19 23:19:13'),
(384, '47', 'en', 'Chrome', '58.0.3029.110', 'OS X', '10.11.6', '127.0.0.1', '2017-05-19 23:20:10', '2017-05-19 23:20:10'),
(385, '47', 'en', 'Chrome', '58.0.3029.110', 'OS X', '10.11.6', '127.0.0.1', '2017-05-19 23:20:13', '2017-05-19 23:20:13'),
(386, '47', 'en', 'Chrome', '58.0.3029.110', 'OS X', '10.11.6', '127.0.0.1', '2017-05-19 23:20:19', '2017-05-19 23:20:19'),
(387, '47', 'en', 'Chrome', '58.0.3029.110', 'OS X', '10.11.6', '127.0.0.1', '2017-05-19 23:24:58', '2017-05-19 23:24:58'),
(388, '14', 'en', 'Chrome', '58.0.3029.110', 'OS X', '10.11.6', '127.0.0.1', '2017-05-19 23:25:07', '2017-05-19 23:25:07'),
(389, '14', 'en', 'Chrome', '58.0.3029.110', 'OS X', '10.11.6', '127.0.0.1', '2017-05-19 23:27:17', '2017-05-19 23:27:17'),
(390, '47', 'en', 'Chrome', '58.0.3029.110', 'OS X', '10.11.6', '127.0.0.1', '2017-05-19 23:27:21', '2017-05-19 23:27:21'),
(391, '48', 'en', 'Chrome', '58.0.3029.110', 'OS X', '10.11.6', '127.0.0.1', '2017-05-19 23:27:25', '2017-05-19 23:27:25'),
(392, '48', 'en', 'Chrome', '58.0.3029.110', 'OS X', '10.11.6', '127.0.0.1', '2017-05-19 23:30:39', '2017-05-19 23:30:39'),
(393, '1', 'en', 'Chrome', '58.0.3029.110', 'OS X', '10.11.6', '127.0.0.1', '2017-05-19 23:31:29', '2017-05-19 23:31:29'),
(394, '14', 'en', 'Chrome', '58.0.3029.110', 'OS X', '10.11.6', '127.0.0.1', '2017-05-19 23:56:35', '2017-05-19 23:56:35'),
(395, '49', 'en', 'Chrome', '58.0.3029.110', 'OS X', '10.11.6', '127.0.0.1', '2017-05-19 23:56:50', '2017-05-19 23:56:50'),
(396, '50', 'en', 'Chrome', '58.0.3029.110', 'OS X', '10.11.6', '127.0.0.1', '2017-05-19 23:56:56', '2017-05-19 23:56:56'),
(397, '47', 'en', 'Chrome', '58.0.3029.110', 'OS X', '10.11.6', '127.0.0.1', '2017-05-19 23:57:32', '2017-05-19 23:57:32'),
(398, '48', 'en', 'Chrome', '58.0.3029.110', 'OS X', '10.11.6', '127.0.0.1', '2017-05-19 23:57:35', '2017-05-19 23:57:35'),
(399, '46', 'en', 'Chrome', '58.0.3029.110', 'OS X', '10.11.6', '127.0.0.1', '2017-05-19 23:57:42', '2017-05-19 23:57:42'),
(400, '37', 'en', 'Chrome', '58.0.3029.110', 'OS X', '10.11.6', '127.0.0.1', '2017-05-19 23:57:49', '2017-05-19 23:57:49'),
(401, '40', 'en', 'Chrome', '58.0.3029.110', 'OS X', '10.11.6', '127.0.0.1', '2017-05-20 00:02:07', '2017-05-20 00:02:07'),
(402, '14', 'en', 'Chrome', '58.0.3029.110', 'OS X', '10.11.6', '127.0.0.1', '2017-05-20 00:02:15', '2017-05-20 00:02:15'),
(403, '34', 'en', 'Chrome', '58.0.3029.110', 'OS X', '10.11.6', '127.0.0.1', '2017-05-20 00:02:17', '2017-05-20 00:02:17'),
(404, '29', 'en', 'Chrome', '58.0.3029.110', 'OS X', '10.11.6', '127.0.0.1', '2017-05-20 00:02:23', '2017-05-20 00:02:23'),
(405, '49', 'en', 'Chrome', '58.0.3029.110', 'OS X', '10.11.6', '127.0.0.1', '2017-05-20 00:02:26', '2017-05-20 00:02:26'),
(406, '27', 'en', 'Chrome', '58.0.3029.110', 'OS X', '10.11.6', '127.0.0.1', '2017-05-20 00:02:44', '2017-05-20 00:02:44'),
(407, '14', 'en', 'Chrome', '58.0.3029.110', 'OS X', '10.11.6', '127.0.0.1', '2017-05-20 00:02:51', '2017-05-20 00:02:51'),
(408, '47', 'en', 'Chrome', '58.0.3029.110', 'OS X', '10.11.6', '127.0.0.1', '2017-05-20 00:03:42', '2017-05-20 00:03:42'),
(409, '47', 'en', 'Chrome', '58.0.3029.110', 'OS X', '10.11.6', '127.0.0.1', '2017-05-20 00:04:20', '2017-05-20 00:04:20'),
(410, '48', 'en', 'Chrome', '58.0.3029.110', 'OS X', '10.11.6', '127.0.0.1', '2017-05-20 00:04:28', '2017-05-20 00:04:28'),
(411, '46', 'en', 'Chrome', '58.0.3029.110', 'OS X', '10.11.6', '127.0.0.1', '2017-05-20 00:04:31', '2017-05-20 00:04:31');
INSERT INTO `link_views` (`id`, `link_id`, `language`, `browser`, `browser_version`, `os`, `os_version`, `ip`, `created_at`, `updated_at`) VALUES
(412, '47', 'en', 'Chrome', '58.0.3029.110', 'OS X', '10.11.6', '127.0.0.1', '2017-05-20 00:04:34', '2017-05-20 00:04:34'),
(413, '47', 'en', 'Chrome', '58.0.3029.110', 'OS X', '10.11.6', '127.0.0.1', '2017-05-20 00:07:02', '2017-05-20 00:07:02'),
(414, '47', 'en', 'Chrome', '58.0.3029.110', 'OS X', '10.11.6', '127.0.0.1', '2017-05-20 00:08:23', '2017-05-20 00:08:23'),
(415, '47', 'en', 'Chrome', '58.0.3029.110', 'OS X', '10.11.6', '127.0.0.1', '2017-05-20 00:09:40', '2017-05-20 00:09:40'),
(416, '48', 'en', 'Chrome', '58.0.3029.110', 'OS X', '10.11.6', '127.0.0.1', '2017-05-20 00:09:46', '2017-05-20 00:09:46'),
(417, '46', 'en', 'Chrome', '58.0.3029.110', 'OS X', '10.11.6', '127.0.0.1', '2017-05-20 00:09:49', '2017-05-20 00:09:49'),
(418, '46', 'en', 'Chrome', '58.0.3029.110', 'OS X', '10.11.6', '127.0.0.1', '2017-05-20 00:09:51', '2017-05-20 00:09:51'),
(419, '14', 'en', 'Chrome', '58.0.3029.110', 'OS X', '10.11.6', '127.0.0.1', '2017-05-20 00:10:13', '2017-05-20 00:10:13'),
(420, '49', 'en', 'Chrome', '58.0.3029.110', 'OS X', '10.11.6', '127.0.0.1', '2017-05-20 00:10:16', '2017-05-20 00:10:16'),
(421, '14', 'en', 'Chrome', '58.0.3029.110', 'OS X', '10.11.6', '127.0.0.1', '2017-05-20 00:10:20', '2017-05-20 00:10:20'),
(422, '14', 'en', 'Chrome', '58.0.3029.110', 'OS X', '10.11.6', '127.0.0.1', '2017-05-20 00:10:23', '2017-05-20 00:10:23'),
(423, '33', 'en', 'Chrome', '58.0.3029.110', 'OS X', '10.11.6', '127.0.0.1', '2017-05-20 00:10:24', '2017-05-20 00:10:24'),
(424, '1', 'en', 'Chrome', '58.0.3029.110', 'OS X', '10.11.6', '127.0.0.1', '2017-05-20 00:10:29', '2017-05-20 00:10:29'),
(425, '29', 'en', 'Chrome', '58.0.3029.110', 'OS X', '10.11.6', '127.0.0.1', '2017-05-20 00:10:31', '2017-05-20 00:10:31'),
(426, '29', 'en', 'Chrome', '58.0.3029.110', 'OS X', '10.11.6', '127.0.0.1', '2017-05-20 00:10:35', '2017-05-20 00:10:35'),
(427, '27', 'en', 'Chrome', '58.0.3029.110', 'OS X', '10.11.6', '127.0.0.1', '2017-05-20 00:10:36', '2017-05-20 00:10:36'),
(428, '14', 'en', 'Chrome', '58.0.3029.110', 'OS X', '10.11.6', '127.0.0.1', '2017-05-20 00:10:40', '2017-05-20 00:10:40'),
(429, '37', 'en', 'Chrome', '58.0.3029.110', 'OS X', '10.11.6', '127.0.0.1', '2017-05-20 00:10:41', '2017-05-20 00:10:41'),
(430, '14', 'en', 'Chrome', '58.0.3029.110', 'OS X', '10.11.6', '127.0.0.1', '2017-05-20 00:10:45', '2017-05-20 00:10:45'),
(431, '47', 'en', 'Chrome', '58.0.3029.110', 'OS X', '10.11.6', '127.0.0.1', '2017-05-20 00:10:48', '2017-05-20 00:10:48'),
(432, '47', 'en', 'Chrome', '58.0.3029.110', 'OS X', '10.11.6', '127.0.0.1', '2017-05-20 00:10:59', '2017-05-20 00:10:59'),
(433, '47', 'en', 'Chrome', '58.0.3029.110', 'OS X', '10.11.6', '127.0.0.1', '2017-05-20 00:11:54', '2017-05-20 00:11:54'),
(434, '49', 'en', 'Chrome', '58.0.3029.110', 'OS X', '10.11.6', '127.0.0.1', '2017-05-20 00:17:53', '2017-05-20 00:17:53'),
(435, '14', 'en', 'Chrome', '58.0.3029.110', 'OS X', '10.11.6', '127.0.0.1', '2017-05-20 00:17:59', '2017-05-20 00:17:59'),
(436, '47', 'en', 'Chrome', '58.0.3029.110', 'OS X', '10.11.6', '127.0.0.1', '2017-05-20 00:18:03', '2017-05-20 00:18:03'),
(437, '47', 'en', 'Chrome', '58.0.3029.110', 'OS X', '10.11.6', '127.0.0.1', '2017-05-20 00:19:15', '2017-05-20 00:19:15'),
(438, '47', 'en', 'Chrome', '58.0.3029.110', 'OS X', '10.11.6', '127.0.0.1', '2017-05-20 00:20:05', '2017-05-20 00:20:05'),
(439, '47', 'en', 'Chrome', '58.0.3029.110', 'OS X', '10.11.6', '127.0.0.1', '2017-05-20 00:20:20', '2017-05-20 00:20:20'),
(440, '47', 'en', 'Chrome', '58.0.3029.110', 'OS X', '10.11.6', '127.0.0.1', '2017-05-20 00:20:21', '2017-05-20 00:20:21'),
(441, '47', 'en', 'Chrome', '58.0.3029.110', 'OS X', '10.11.6', '127.0.0.1', '2017-05-20 00:20:29', '2017-05-20 00:20:29'),
(442, '49', 'en', 'Chrome', '58.0.3029.110', 'OS X', '10.11.6', '127.0.0.1', '2017-05-20 00:21:20', '2017-05-20 00:21:20'),
(443, '29', 'en', 'Chrome', '58.0.3029.110', 'OS X', '10.11.6', '127.0.0.1', '2017-05-20 00:21:24', '2017-05-20 00:21:24'),
(444, '27', 'en', 'Chrome', '58.0.3029.110', 'OS X', '10.11.6', '127.0.0.1', '2017-05-20 00:21:27', '2017-05-20 00:21:27'),
(445, '14', 'en', 'Chrome', '58.0.3029.110', 'OS X', '10.11.6', '127.0.0.1', '2017-05-20 00:21:35', '2017-05-20 00:21:35'),
(446, '47', 'en', 'Chrome', '58.0.3029.110', 'OS X', '10.11.6', '127.0.0.1', '2017-05-20 00:21:39', '2017-05-20 00:21:39'),
(447, '47', 'en', 'Chrome', '58.0.3029.110', 'OS X', '10.11.6', '127.0.0.1', '2017-05-20 00:23:31', '2017-05-20 00:23:31'),
(448, '48', 'en', 'Chrome', '58.0.3029.110', 'OS X', '10.11.6', '127.0.0.1', '2017-05-20 00:23:35', '2017-05-20 00:23:35'),
(449, '51', 'en', 'Chrome', '58.0.3029.110', 'OS X', '10.11.6', '127.0.0.1', '2017-05-20 00:23:40', '2017-05-20 00:23:40'),
(450, '1', 'en', 'Chrome', '58.0.3029.110', 'OS X', '10.11.6', '127.0.0.1', '2017-05-20 00:23:45', '2017-05-20 00:23:45'),
(451, '49', 'en', 'Chrome', '58.0.3029.110', 'OS X', '10.11.6', '127.0.0.1', '2017-05-20 00:23:55', '2017-05-20 00:23:55'),
(452, '27', 'en', 'Chrome', '58.0.3029.110', 'OS X', '10.11.6', '127.0.0.1', '2017-05-20 00:23:59', '2017-05-20 00:23:59'),
(453, '52', 'en', 'Chrome', '58.0.3029.110', 'OS X', '10.11.6', '127.0.0.1', '2017-05-20 00:24:01', '2017-05-20 00:24:01'),
(454, '27', 'en', 'Chrome', '58.0.3029.110', 'OS X', '10.11.6', '127.0.0.1', '2017-05-20 00:24:04', '2017-05-20 00:24:04'),
(455, '52', 'en', 'Chrome', '58.0.3029.110', 'OS X', '10.11.6', '127.0.0.1', '2017-05-20 00:24:10', '2017-05-20 00:24:10'),
(456, '27', 'en', 'Chrome', '58.0.3029.110', 'OS X', '10.11.6', '127.0.0.1', '2017-05-20 00:26:03', '2017-05-20 00:26:03'),
(457, '27', 'en', 'Chrome', '58.0.3029.110', 'OS X', '10.11.6', '127.0.0.1', '2017-05-20 00:26:09', '2017-05-20 00:26:09'),
(458, '1', 'en', 'Chrome', '58.0.3029.110', 'OS X', '10.11.6', '127.0.0.1', '2017-05-20 00:26:17', '2017-05-20 00:26:17'),
(459, '14', 'en', 'Chrome', '58.0.3029.110', 'OS X', '10.11.6', '127.0.0.1', '2017-05-20 00:26:21', '2017-05-20 00:26:21'),
(460, '47', 'en', 'Chrome', '58.0.3029.110', 'OS X', '10.11.6', '127.0.0.1', '2017-05-20 00:26:28', '2017-05-20 00:26:28'),
(461, '46', 'en', 'Chrome', '58.0.3029.110', 'OS X', '10.11.6', '127.0.0.1', '2017-05-20 00:26:34', '2017-05-20 00:26:34'),
(462, '1', 'en', 'Chrome', '58.0.3029.110', 'OS X', '10.11.6', '127.0.0.1', '2017-05-20 00:28:12', '2017-05-20 00:28:12'),
(463, '14', 'en', 'Chrome', '58.0.3029.110', 'OS X', '10.11.6', '127.0.0.1', '2017-05-20 00:28:14', '2017-05-20 00:28:14'),
(464, '34', 'en', 'Chrome', '58.0.3029.110', 'OS X', '10.11.6', '127.0.0.1', '2017-05-20 00:28:16', '2017-05-20 00:28:16'),
(465, '15', 'en', 'Chrome', '58.0.3029.110', 'OS X', '10.11.6', '127.0.0.1', '2017-05-20 00:28:19', '2017-05-20 00:28:19'),
(466, '1', 'en', 'Chrome', '58.0.3029.110', 'OS X', '10.11.6', '127.0.0.1', '2017-05-20 00:28:21', '2017-05-20 00:28:21'),
(467, '47', 'en', 'Chrome', '58.0.3029.110', 'OS X', '10.11.6', '127.0.0.1', '2017-05-20 00:28:25', '2017-05-20 00:28:25'),
(468, '46', 'en', 'Chrome', '58.0.3029.110', 'OS X', '10.11.6', '127.0.0.1', '2017-05-20 00:28:29', '2017-05-20 00:28:29'),
(469, '49', 'en', 'Chrome', '58.0.3029.110', 'OS X', '10.11.6', '127.0.0.1', '2017-05-20 00:28:32', '2017-05-20 00:28:32'),
(470, '27', 'en', 'Chrome', '58.0.3029.110', 'OS X', '10.11.6', '127.0.0.1', '2017-05-20 00:28:34', '2017-05-20 00:28:34'),
(471, '29', 'en', 'Chrome', '58.0.3029.110', 'OS X', '10.11.6', '127.0.0.1', '2017-05-20 00:28:36', '2017-05-20 00:28:36'),
(472, '29', 'en', 'Chrome', '58.0.3029.110', 'OS X', '10.11.6', '127.0.0.1', '2017-05-20 00:28:38', '2017-05-20 00:28:38'),
(473, '29', 'en', 'Chrome', '58.0.3029.110', 'OS X', '10.11.6', '127.0.0.1', '2017-05-20 00:31:17', '2017-05-20 00:31:17'),
(474, '14', 'en', 'Chrome', '58.0.3029.110', 'OS X', '10.11.6', '127.0.0.1', '2017-05-20 00:31:19', '2017-05-20 00:31:19'),
(475, '37', 'en', 'Chrome', '58.0.3029.110', 'OS X', '10.11.6', '127.0.0.1', '2017-05-20 00:31:21', '2017-05-20 00:31:21'),
(476, '30', 'en', 'Chrome', '58.0.3029.110', 'OS X', '10.11.6', '127.0.0.1', '2017-05-20 00:31:22', '2017-05-20 00:31:22'),
(477, '14', 'en', 'Chrome', '58.0.3029.110', 'OS X', '10.11.6', '127.0.0.1', '2017-05-20 00:31:24', '2017-05-20 00:31:24'),
(478, '33', 'en', 'Chrome', '58.0.3029.110', 'OS X', '10.11.6', '127.0.0.1', '2017-05-20 00:31:25', '2017-05-20 00:31:25'),
(479, '14', 'en', 'Chrome', '58.0.3029.110', 'OS X', '10.11.6', '127.0.0.1', '2017-05-20 00:31:28', '2017-05-20 00:31:28'),
(480, '34', 'en', 'Chrome', '58.0.3029.110', 'OS X', '10.11.6', '127.0.0.1', '2017-05-20 00:31:30', '2017-05-20 00:31:30'),
(481, '6', 'en', 'Chrome', '58.0.3029.110', 'OS X', '10.11.6', '127.0.0.1', '2017-05-20 00:31:35', '2017-05-20 00:31:35'),
(482, '1', 'en', 'Chrome', '58.0.3029.110', 'OS X', '10.11.6', '127.0.0.1', '2017-05-20 00:31:38', '2017-05-20 00:31:38'),
(483, '14', 'en', 'Chrome', '58.0.3029.110', 'OS X', '10.11.6', '127.0.0.1', '2017-05-20 00:31:41', '2017-05-20 00:31:41'),
(484, '37', 'en', 'Chrome', '58.0.3029.110', 'OS X', '10.11.6', '127.0.0.1', '2017-05-20 00:31:43', '2017-05-20 00:31:43'),
(485, '38', 'en', 'Chrome', '58.0.3029.110', 'OS X', '10.11.6', '127.0.0.1', '2017-05-20 00:31:44', '2017-05-20 00:31:44'),
(486, '40', 'en', 'Chrome', '58.0.3029.110', 'OS X', '10.11.6', '127.0.0.1', '2017-05-20 00:31:46', '2017-05-20 00:31:46'),
(487, '1', 'en', 'Chrome', '58.0.3029.110', 'OS X', '10.11.6', '127.0.0.1', '2017-05-20 00:31:49', '2017-05-20 00:31:49'),
(488, '29', 'en', 'Chrome', '58.0.3029.110', 'OS X', '10.11.6', '127.0.0.1', '2017-05-20 00:31:51', '2017-05-20 00:31:51'),
(489, '28', 'en', 'Chrome', '58.0.3029.110', 'OS X', '10.11.6', '127.0.0.1', '2017-05-20 00:31:52', '2017-05-20 00:31:52'),
(490, '27', 'en', 'Chrome', '58.0.3029.110', 'OS X', '10.11.6', '127.0.0.1', '2017-05-20 00:31:54', '2017-05-20 00:31:54'),
(491, '43', 'en', 'Chrome', '58.0.3029.110', 'OS X', '10.11.6', '127.0.0.1', '2017-05-20 00:31:56', '2017-05-20 00:31:56'),
(492, '27', 'en', 'Chrome', '58.0.3029.110', 'OS X', '10.11.6', '127.0.0.1', '2017-05-20 00:32:21', '2017-05-20 00:32:21'),
(493, '53', 'en', 'Chrome', '58.0.3029.110', 'OS X', '10.11.6', '127.0.0.1', '2017-05-20 00:34:11', '2017-05-20 00:34:11'),
(494, '1', 'en', 'Chrome', '58.0.3029.110', 'OS X', '10.11.6', '127.0.0.1', '2017-05-20 00:34:16', '2017-05-20 00:34:16'),
(495, '43', 'en', 'Chrome', '58.0.3029.110', 'OS X', '10.11.6', '127.0.0.1', '2017-05-20 00:35:03', '2017-05-20 00:35:03'),
(496, '1', 'en', 'Chrome', '58.0.3029.110', 'OS X', '10.11.6', '127.0.0.1', '2017-05-20 00:35:13', '2017-05-20 00:35:13'),
(497, '14', 'en', 'Chrome', '58.0.3029.110', 'OS X', '10.11.6', '127.0.0.1', '2017-05-20 00:35:17', '2017-05-20 00:35:17'),
(498, '33', 'en', 'Chrome', '58.0.3029.110', 'OS X', '10.11.6', '127.0.0.1', '2017-05-20 00:35:22', '2017-05-20 00:35:22'),
(499, '49', 'en', 'Chrome', '58.0.3029.110', 'OS X', '10.11.6', '127.0.0.1', '2017-05-20 00:35:45', '2017-05-20 00:35:45'),
(500, '29', 'en', 'Chrome', '58.0.3029.110', 'OS X', '10.11.6', '127.0.0.1', '2017-05-20 00:35:59', '2017-05-20 00:35:59'),
(501, '33', 'en', 'Chrome', '58.0.3029.110', 'OS X', '10.11.6', '127.0.0.1', '2017-05-20 00:36:26', '2017-05-20 00:36:26'),
(502, '33', 'en', 'Chrome', '58.0.3029.110', 'OS X', '10.11.6', '127.0.0.1', '2017-05-20 00:36:52', '2017-05-20 00:36:52'),
(503, '33', 'en', 'Chrome', '58.0.3029.110', 'OS X', '10.11.6', '127.0.0.1', '2017-05-20 00:37:02', '2017-05-20 00:37:02'),
(504, '33', 'en', 'Chrome', '58.0.3029.110', 'OS X', '10.11.6', '127.0.0.1', '2017-05-20 00:37:16', '2017-05-20 00:37:16'),
(505, '49', 'en', 'Chrome', '58.0.3029.110', 'OS X', '10.11.6', '127.0.0.1', '2017-05-20 00:37:35', '2017-05-20 00:37:35'),
(506, '27', 'en', 'Chrome', '58.0.3029.110', 'OS X', '10.11.6', '127.0.0.1', '2017-05-20 00:37:42', '2017-05-20 00:37:42'),
(507, '14', 'en', 'Chrome', '58.0.3029.110', 'OS X', '10.11.6', '127.0.0.1', '2017-05-20 00:37:48', '2017-05-20 00:37:48'),
(508, '33', 'en', 'Chrome', '58.0.3029.110', 'OS X', '10.11.6', '127.0.0.1', '2017-05-20 00:38:22', '2017-05-20 00:38:22'),
(509, '33', 'en', 'Chrome', '58.0.3029.110', 'OS X', '10.11.6', '127.0.0.1', '2017-05-20 00:38:42', '2017-05-20 00:38:42'),
(510, '27', 'en', 'Chrome', '58.0.3029.110', 'OS X', '10.11.6', '127.0.0.1', '2017-05-20 00:40:21', '2017-05-20 00:40:21'),
(511, '49', 'en', 'Chrome', '58.0.3029.110', 'OS X', '10.11.6', '127.0.0.1', '2017-05-20 00:40:24', '2017-05-20 00:40:24'),
(512, '49', 'en', 'Chrome', '58.0.3029.110', 'OS X', '10.11.6', '127.0.0.1', '2017-05-20 00:40:27', '2017-05-20 00:40:27'),
(513, '1', 'en', 'Chrome', '58.0.3029.110', 'OS X', '10.11.6', '127.0.0.1', '2017-05-20 00:49:08', '2017-05-20 00:49:08'),
(514, '1', 'en', 'Chrome', '58.0.3029.110', 'OS X', '10.11.6', '127.0.0.1', '2017-05-20 00:49:41', '2017-05-20 00:49:41'),
(515, '37', 'en', 'Chrome', '58.0.3029.110', 'OS X', '10.11.6', '127.0.0.1', '2017-05-20 00:49:46', '2017-05-20 00:49:46'),
(516, '1', 'en', 'Chrome', '58.0.3029.110', 'OS X', '10.11.6', '127.0.0.1', '2017-05-20 00:49:52', '2017-05-20 00:49:52'),
(517, '49', 'en', 'Chrome', '58.0.3029.110', 'OS X', '10.11.6', '127.0.0.1', '2017-05-20 00:49:58', '2017-05-20 00:49:58'),
(518, '49', 'en', 'Chrome', '58.0.3029.110', 'OS X', '10.11.6', '127.0.0.1', '2017-05-20 00:51:06', '2017-05-20 00:51:06'),
(519, '29', 'en', 'Chrome', '58.0.3029.110', 'OS X', '10.11.6', '127.0.0.1', '2017-05-20 00:51:41', '2017-05-20 00:51:41'),
(520, '27', 'en', 'Chrome', '58.0.3029.110', 'OS X', '10.11.6', '127.0.0.1', '2017-05-20 00:51:46', '2017-05-20 00:51:46'),
(521, '14', 'en', 'Chrome', '58.0.3029.110', 'OS X', '10.11.6', '127.0.0.1', '2017-05-20 00:51:53', '2017-05-20 00:51:53'),
(522, '37', 'en', 'Chrome', '58.0.3029.110', 'OS X', '10.11.6', '127.0.0.1', '2017-05-20 00:51:59', '2017-05-20 00:51:59'),
(523, '40', 'en', 'Chrome', '58.0.3029.110', 'OS X', '10.11.6', '127.0.0.1', '2017-05-20 00:52:02', '2017-05-20 00:52:02'),
(524, '14', 'en', 'Chrome', '58.0.3029.110', 'OS X', '10.11.6', '127.0.0.1', '2017-05-20 00:52:05', '2017-05-20 00:52:05'),
(525, '33', 'en', 'Chrome', '58.0.3029.110', 'OS X', '10.11.6', '127.0.0.1', '2017-05-20 00:52:07', '2017-05-20 00:52:07'),
(526, '34', 'en', 'Chrome', '58.0.3029.110', 'OS X', '10.11.6', '127.0.0.1', '2017-05-20 00:52:09', '2017-05-20 00:52:09'),
(527, '46', 'en', 'Chrome', '58.0.3029.110', 'OS X', '10.11.6', '127.0.0.1', '2017-05-20 00:52:17', '2017-05-20 00:52:17'),
(528, '47', 'en', 'Chrome', '58.0.3029.110', 'OS X', '10.11.6', '127.0.0.1', '2017-05-20 00:52:24', '2017-05-20 00:52:24'),
(529, '48', 'en', 'Chrome', '58.0.3029.110', 'OS X', '10.11.6', '127.0.0.1', '2017-05-20 00:52:29', '2017-05-20 00:52:29'),
(530, '14', 'en', 'Chrome', '58.0.3029.110', 'OS X', '10.11.6', '127.0.0.1', '2017-05-20 00:52:34', '2017-05-20 00:52:34'),
(531, '1', 'en', 'Chrome', '58.0.3029.110', 'OS X', '10.11.6', '127.0.0.1', '2017-05-20 00:52:37', '2017-05-20 00:52:37'),
(532, '1', 'en', 'Chrome', '58.0.3029.110', 'OS X', '10.11.6', '127.0.0.1', '2017-05-20 00:54:03', '2017-05-20 00:54:03'),
(533, '14', 'en', 'Chrome', '58.0.3029.110', 'OS X', '10.11.6', '127.0.0.1', '2017-05-20 00:54:05', '2017-05-20 00:54:05'),
(534, '34', 'en', 'Chrome', '58.0.3029.110', 'OS X', '10.11.6', '127.0.0.1', '2017-05-20 00:54:07', '2017-05-20 00:54:07'),
(535, '14', 'en', 'Chrome', '58.0.3029.110', 'OS X', '10.11.6', '127.0.0.1', '2017-05-20 00:54:09', '2017-05-20 00:54:09'),
(536, '14', 'en', 'Chrome', '58.0.3029.110', 'OS X', '10.11.6', '127.0.0.1', '2017-05-20 00:54:19', '2017-05-20 00:54:19'),
(537, '49', 'en', 'Chrome', '58.0.3029.110', 'OS X', '10.11.6', '127.0.0.1', '2017-05-20 00:54:23', '2017-05-20 00:54:23'),
(538, '49', 'en', 'Chrome', '58.0.3029.110', 'OS X', '10.11.6', '127.0.0.1', '2017-05-20 00:55:11', '2017-05-20 00:55:11'),
(539, '27', 'en', 'Chrome', '58.0.3029.110', 'OS X', '10.11.6', '127.0.0.1', '2017-05-20 00:55:50', '2017-05-20 00:55:50'),
(540, '37', 'en', 'Chrome', '58.0.3029.110', 'OS X', '10.11.6', '127.0.0.1', '2017-05-20 00:55:54', '2017-05-20 00:55:54'),
(541, '14', 'en', 'Chrome', '58.0.3029.110', 'OS X', '10.11.6', '127.0.0.1', '2017-05-20 00:55:58', '2017-05-20 00:55:58'),
(542, '33', 'en', 'Chrome', '58.0.3029.110', 'OS X', '10.11.6', '127.0.0.1', '2017-05-20 00:56:02', '2017-05-20 00:56:02'),
(543, '33', 'en', 'Chrome', '58.0.3029.110', 'OS X', '10.11.6', '127.0.0.1', '2017-05-20 00:56:33', '2017-05-20 00:56:33'),
(544, '1', 'en', 'Chrome', '58.0.3029.110', 'OS X', '10.11.6', '127.0.0.1', '2017-05-20 00:57:19', '2017-05-20 00:57:19'),
(545, '53', 'en', 'Chrome', '58.0.3029.110', 'OS X', '10.11.6', '127.0.0.1', '2017-05-20 00:57:22', '2017-05-20 00:57:22'),
(546, '54', 'en', 'Chrome', '58.0.3029.110', 'OS X', '10.11.6', '127.0.0.1', '2017-05-20 01:05:45', '2017-05-20 01:05:45'),
(547, '33', 'en', 'Chrome', '58.0.3029.110', 'OS X', '10.11.6', '127.0.0.1', '2017-05-20 01:05:49', '2017-05-20 01:05:49'),
(548, '14', 'en', 'Chrome', '58.0.3029.110', 'OS X', '10.11.6', '127.0.0.1', '2017-05-20 01:07:13', '2017-05-20 01:07:13'),
(549, '47', 'en', 'Chrome', '58.0.3029.110', 'OS X', '10.11.6', '127.0.0.1', '2017-05-20 01:07:32', '2017-05-20 01:07:32'),
(550, '14', 'en', 'Chrome', '58.0.3029.110', 'OS X', '10.11.6', '127.0.0.1', '2017-05-20 01:08:07', '2017-05-20 01:08:07'),
(551, '34', 'en', 'Chrome', '58.0.3029.110', 'OS X', '10.11.6', '127.0.0.1', '2017-05-20 01:08:23', '2017-05-20 01:08:23'),
(552, '47', 'en', 'Chrome', '58.0.3029.110', 'OS X', '10.11.6', '127.0.0.1', '2017-05-20 01:08:31', '2017-05-20 01:08:31'),
(553, '48', 'en', 'Chrome', '58.0.3029.110', 'OS X', '10.11.6', '127.0.0.1', '2017-05-20 01:08:36', '2017-05-20 01:08:36'),
(554, '46', 'en', 'Chrome', '58.0.3029.110', 'OS X', '10.11.6', '127.0.0.1', '2017-05-20 01:08:42', '2017-05-20 01:08:42'),
(555, '34', 'en', 'Chrome', '58.0.3029.110', 'OS X', '10.11.6', '127.0.0.1', '2017-05-20 01:08:54', '2017-05-20 01:08:54'),
(556, '1', 'en', 'Chrome', '58.0.3029.110', 'OS X', '10.11.6', '127.0.0.1', '2017-05-20 01:08:59', '2017-05-20 01:08:59'),
(557, '49', 'en', 'Chrome', '58.0.3029.110', 'OS X', '10.11.6', '127.0.0.1', '2017-05-20 01:09:15', '2017-05-20 01:09:15'),
(558, '29', 'en', 'Chrome', '58.0.3029.110', 'OS X', '10.11.6', '127.0.0.1', '2017-05-20 01:09:21', '2017-05-20 01:09:21'),
(559, '27', 'en', 'Chrome', '58.0.3029.110', 'OS X', '10.11.6', '127.0.0.1', '2017-05-20 01:09:24', '2017-05-20 01:09:24'),
(560, '53', 'en', 'Chrome', '58.0.3029.110', 'OS X', '10.11.6', '127.0.0.1', '2017-05-20 01:12:19', '2017-05-20 01:12:19'),
(561, '53', 'en', 'Chrome', '58.0.3029.110', 'OS X', '10.11.6', '127.0.0.1', '2017-05-20 01:12:38', '2017-05-20 01:12:38'),
(562, '53', 'en', 'Chrome', '58.0.3029.110', 'OS X', '10.11.6', '127.0.0.1', '2017-05-20 01:12:47', '2017-05-20 01:12:47'),
(563, '53', 'en', 'Chrome', '58.0.3029.110', 'OS X', '10.11.6', '127.0.0.1', '2017-05-20 01:13:16', '2017-05-20 01:13:16'),
(564, '53', 'en', 'Chrome', '58.0.3029.110', 'OS X', '10.11.6', '127.0.0.1', '2017-05-20 01:13:28', '2017-05-20 01:13:28'),
(565, '53', 'en', 'Chrome', '58.0.3029.110', 'OS X', '10.11.6', '127.0.0.1', '2017-05-20 01:13:47', '2017-05-20 01:13:47'),
(566, '53', 'en', 'Chrome', '58.0.3029.110', 'OS X', '10.11.6', '127.0.0.1', '2017-05-20 01:14:00', '2017-05-20 01:14:00'),
(567, '53', 'en', 'Chrome', '58.0.3029.110', 'OS X', '10.11.6', '127.0.0.1', '2017-05-20 01:14:23', '2017-05-20 01:14:23'),
(568, '14', 'en', 'Chrome', '58.0.3029.110', 'OS X', '10.11.6', '127.0.0.1', '2017-05-20 01:14:35', '2017-05-20 01:14:35'),
(569, '14', 'en', 'Chrome', '58.0.3029.110', 'OS X', '10.11.6', '127.0.0.1', '2017-05-20 01:14:39', '2017-05-20 01:14:39'),
(570, '1', 'en', 'Chrome', '58.0.3029.110', 'OS X', '10.11.6', '127.0.0.1', '2017-05-20 01:14:42', '2017-05-20 01:14:42'),
(571, '14', 'en', 'Chrome', '58.0.3029.110', 'OS X', '10.11.6', '127.0.0.1', '2017-05-20 01:14:45', '2017-05-20 01:14:45'),
(572, '14', 'en', 'Chrome', '58.0.3029.110', 'OS X', '10.11.6', '127.0.0.1', '2017-05-20 01:15:29', '2017-05-20 01:15:29'),
(573, '53', 'en', 'Chrome', '58.0.3029.110', 'OS X', '10.11.6', '127.0.0.1', '2017-05-20 01:15:32', '2017-05-20 01:15:32'),
(574, '55', 'en', 'Chrome', '58.0.3029.110', 'OS X', '10.11.6', '127.0.0.1', '2017-05-20 01:15:34', '2017-05-20 01:15:34'),
(575, '56', 'en', 'Chrome', '58.0.3029.110', 'OS X', '10.11.6', '127.0.0.1', '2017-05-20 01:15:37', '2017-05-20 01:15:37'),
(576, '53', 'en', 'Chrome', '58.0.3029.110', 'OS X', '10.11.6', '127.0.0.1', '2017-05-20 01:17:29', '2017-05-20 01:17:29'),
(577, '1', 'en', 'Chrome', '58.0.3029.110', 'OS X', '10.11.6', '127.0.0.1', '2017-05-20 01:18:00', '2017-05-20 01:18:00'),
(578, '49', 'en', 'Chrome', '58.0.3029.110', 'OS X', '10.11.6', '127.0.0.1', '2017-05-20 01:19:58', '2017-05-20 01:19:58'),
(579, '29', 'en', 'Chrome', '58.0.3029.110', 'OS X', '10.11.6', '127.0.0.1', '2017-05-20 01:20:03', '2017-05-20 01:20:03'),
(580, '14', 'en', 'Chrome', '58.0.3029.110', 'OS X', '10.11.6', '127.0.0.1', '2017-05-20 01:20:13', '2017-05-20 01:20:13'),
(581, '33', 'en', 'Chrome', '58.0.3029.110', 'OS X', '10.11.6', '127.0.0.1', '2017-05-20 01:20:33', '2017-05-20 01:20:33'),
(582, '33', 'en', 'Chrome', '58.0.3029.110', 'OS X', '10.11.6', '127.0.0.1', '2017-05-20 01:21:14', '2017-05-20 01:21:14'),
(583, '33', 'en', 'Chrome', '58.0.3029.110', 'OS X', '10.11.6', '127.0.0.1', '2017-05-20 01:27:19', '2017-05-20 01:27:19'),
(584, '34', 'en', 'Chrome', '58.0.3029.110', 'OS X', '10.11.6', '127.0.0.1', '2017-05-20 01:27:23', '2017-05-20 01:27:23'),
(585, '47', 'en', 'Chrome', '58.0.3029.110', 'OS X', '10.11.6', '127.0.0.1', '2017-05-20 01:27:31', '2017-05-20 01:27:31'),
(586, '48', 'en', 'Chrome', '58.0.3029.110', 'OS X', '10.11.6', '127.0.0.1', '2017-05-20 01:27:44', '2017-05-20 01:27:44'),
(587, '46', 'en', 'Chrome', '58.0.3029.110', 'OS X', '10.11.6', '127.0.0.1', '2017-05-20 01:27:48', '2017-05-20 01:27:48'),
(588, '14', 'en', 'Chrome', '58.0.3029.110', 'OS X', '10.11.6', '127.0.0.1', '2017-05-20 01:27:54', '2017-05-20 01:27:54'),
(589, '34', 'en', 'Chrome', '58.0.3029.110', 'OS X', '10.11.6', '127.0.0.1', '2017-05-20 01:28:01', '2017-05-20 01:28:01'),
(590, '47', 'en', 'Chrome', '58.0.3029.110', 'OS X', '10.11.6', '127.0.0.1', '2017-05-20 01:28:04', '2017-05-20 01:28:04'),
(591, '46', 'en', 'Chrome', '58.0.3029.110', 'OS X', '10.11.6', '127.0.0.1', '2017-05-20 01:28:10', '2017-05-20 01:28:10'),
(592, '49', 'en', 'Chrome', '58.0.3029.110', 'OS X', '10.11.6', '127.0.0.1', '2017-05-20 01:28:40', '2017-05-20 01:28:40'),
(593, '27', 'en', 'Chrome', '58.0.3029.110', 'OS X', '10.11.6', '127.0.0.1', '2017-05-20 01:28:46', '2017-05-20 01:28:46'),
(594, '53', 'en', 'Chrome', '58.0.3029.110', 'OS X', '10.11.6', '127.0.0.1', '2017-05-20 01:29:04', '2017-05-20 01:29:04'),
(595, '53', 'en', 'Chrome', '58.0.3029.110', 'OS X', '10.11.6', '127.0.0.1', '2017-05-20 01:29:58', '2017-05-20 01:29:58'),
(596, '1', 'en', 'Chrome', '58.0.3029.110', 'OS X', '10.11.6', '127.0.0.1', '2017-05-20 01:30:00', '2017-05-20 01:30:00'),
(597, '53', 'en', 'Chrome', '58.0.3029.110', 'OS X', '10.11.6', '127.0.0.1', '2017-05-20 01:30:52', '2017-05-20 01:30:52'),
(598, '57', 'en', 'Chrome', '58.0.3029.110', 'OS X', '10.11.6', '127.0.0.1', '2017-05-20 01:30:55', '2017-05-20 01:30:55'),
(599, '9', 'en', 'Chrome', '58.0.3029.110', 'OS X', '10.11.6', '127.0.0.1', '2017-05-20 01:30:59', '2017-05-20 01:30:59'),
(600, '53', 'en', 'Chrome', '58.0.3029.110', 'OS X', '10.11.6', '127.0.0.1', '2017-05-20 01:31:08', '2017-05-20 01:31:08'),
(601, '14', 'en', 'Chrome', '58.0.3029.110', 'OS X', '10.11.6', '127.0.0.1', '2017-05-20 01:31:09', '2017-05-20 01:31:09'),
(602, '53', 'en', 'Chrome', '58.0.3029.110', 'OS X', '10.11.6', '127.0.0.1', '2017-05-20 01:31:41', '2017-05-20 01:31:41'),
(603, '55', 'en', 'Chrome', '58.0.3029.110', 'OS X', '10.11.6', '127.0.0.1', '2017-05-20 01:31:43', '2017-05-20 01:31:43'),
(604, '53', 'en', 'Chrome', '58.0.3029.110', 'OS X', '10.11.6', '127.0.0.1', '2017-05-20 01:32:16', '2017-05-20 01:32:16'),
(605, '56', 'en', 'Chrome', '58.0.3029.110', 'OS X', '10.11.6', '127.0.0.1', '2017-05-20 01:32:20', '2017-05-20 01:32:20'),
(606, '14', 'en', 'Chrome', '58.0.3029.110', 'OS X', '10.11.6', '127.0.0.1', '2017-05-20 01:32:27', '2017-05-20 01:32:27'),
(607, '43', 'en', 'Chrome', '58.0.3029.110', 'OS X', '10.11.6', '127.0.0.1', '2017-05-20 01:32:32', '2017-05-20 01:32:32'),
(608, '55', 'en', 'Chrome', '58.0.3029.110', 'OS X', '10.11.6', '127.0.0.1', '2017-05-20 01:32:43', '2017-05-20 01:32:43'),
(609, '55', 'en', 'Chrome', '58.0.3029.110', 'OS X', '10.11.6', '127.0.0.1', '2017-05-20 01:32:50', '2017-05-20 01:32:50'),
(610, '43', 'en', 'Chrome', '58.0.3029.110', 'OS X', '10.11.6', '127.0.0.1', '2017-05-20 01:33:54', '2017-05-20 01:33:54'),
(611, '43', 'en', 'Chrome', '58.0.3029.110', 'OS X', '10.11.6', '127.0.0.1', '2017-05-20 01:34:29', '2017-05-20 01:34:29'),
(612, '43', 'en', 'Chrome', '58.0.3029.110', 'OS X', '10.11.6', '127.0.0.1', '2017-05-20 01:34:31', '2017-05-20 01:34:31'),
(613, '43', 'en', 'Chrome', '58.0.3029.110', 'OS X', '10.11.6', '127.0.0.1', '2017-05-20 01:35:13', '2017-05-20 01:35:13'),
(614, '14', 'en', 'Chrome', '58.0.3029.110', 'OS X', '10.11.6', '127.0.0.1', '2017-05-20 01:35:18', '2017-05-20 01:35:18'),
(615, '43', 'en', 'Chrome', '58.0.3029.110', 'OS X', '10.11.6', '127.0.0.1', '2017-05-20 01:35:21', '2017-05-20 01:35:21'),
(616, '53', 'en', 'Chrome', '58.0.3029.110', 'OS X', '10.11.6', '127.0.0.1', '2017-05-20 01:36:13', '2017-05-20 01:36:13'),
(617, '55', 'en', 'Chrome', '58.0.3029.110', 'OS X', '10.11.6', '127.0.0.1', '2017-05-20 01:36:40', '2017-05-20 01:36:40'),
(618, '33', 'en', 'Chrome', '58.0.3029.110', 'OS X', '10.11.6', '127.0.0.1', '2017-05-20 01:36:44', '2017-05-20 01:36:44'),
(619, '34', 'en', 'Chrome', '58.0.3029.110', 'OS X', '10.11.6', '127.0.0.1', '2017-05-20 01:36:50', '2017-05-20 01:36:50'),
(620, '33', 'en', 'Chrome', '58.0.3029.110', 'OS X', '10.11.6', '127.0.0.1', '2017-05-20 01:36:54', '2017-05-20 01:36:54'),
(621, '33', 'en', 'Chrome', '58.0.3029.110', 'OS X', '10.11.6', '127.0.0.1', '2017-05-20 01:37:22', '2017-05-20 01:37:22'),
(622, '58', 'en', 'Chrome', '58.0.3029.110', 'OS X', '10.11.6', '127.0.0.1', '2017-05-20 01:37:26', '2017-05-20 01:37:26'),
(623, '59', 'en', 'Chrome', '58.0.3029.110', 'OS X', '10.11.6', '127.0.0.1', '2017-05-20 01:38:01', '2017-05-20 01:38:01'),
(624, '55', 'en', 'Chrome', '58.0.3029.110', 'OS X', '10.11.6', '127.0.0.1', '2017-05-20 01:38:04', '2017-05-20 01:38:04'),
(625, '14', 'en', 'Chrome', '58.0.3029.110', 'OS X', '10.11.6', '127.0.0.1', '2017-05-20 01:38:07', '2017-05-20 01:38:07'),
(626, '14', 'en', 'Chrome', '58.0.3029.110', 'OS X', '10.11.6', '127.0.0.1', '2017-05-20 01:38:11', '2017-05-20 01:38:11'),
(627, '1', 'en', 'Chrome', '58.0.3029.110', 'OS X', '10.11.6', '127.0.0.1', '2017-05-20 01:38:14', '2017-05-20 01:38:14'),
(628, '14', 'en', 'Chrome', '58.0.3029.110', 'OS X', '10.11.6', '127.0.0.1', '2017-05-20 01:38:18', '2017-05-20 01:38:18'),
(629, '55', 'en', 'Chrome', '58.0.3029.110', 'OS X', '10.11.6', '127.0.0.1', '2017-05-20 01:38:21', '2017-05-20 01:38:21'),
(630, '59', 'en', 'Chrome', '58.0.3029.110', 'OS X', '10.11.6', '127.0.0.1', '2017-05-20 01:38:24', '2017-05-20 01:38:24'),
(631, '58', 'en', 'Chrome', '58.0.3029.110', 'OS X', '10.11.6', '127.0.0.1', '2017-05-20 01:38:53', '2017-05-20 01:38:53'),
(632, '60', 'en', 'Chrome', '58.0.3029.110', 'OS X', '10.11.6', '127.0.0.1', '2017-05-20 01:50:15', '2017-05-20 01:50:15'),
(633, '47', 'en', 'Chrome', '58.0.3029.110', 'OS X', '10.11.6', '127.0.0.1', '2017-05-20 01:50:18', '2017-05-20 01:50:18'),
(634, '43', 'en', 'Chrome', '58.0.3029.110', 'OS X', '10.11.6', '127.0.0.1', '2017-05-20 01:50:21', '2017-05-20 01:50:21'),
(635, '43', 'en', 'Chrome', '58.0.3029.110', 'OS X', '10.11.6', '127.0.0.1', '2017-05-20 01:50:28', '2017-05-20 01:50:28'),
(636, '43', 'en', 'Chrome', '58.0.3029.110', 'OS X', '10.11.6', '127.0.0.1', '2017-05-20 01:52:48', '2017-05-20 01:52:48'),
(637, '55', 'en', 'Chrome', '58.0.3029.110', 'OS X', '10.11.6', '127.0.0.1', '2017-05-20 01:52:59', '2017-05-20 01:52:59'),
(638, '47', 'en', 'Chrome', '58.0.3029.110', 'OS X', '10.11.6', '127.0.0.1', '2017-05-20 01:53:51', '2017-05-20 01:53:51'),
(639, '61', 'en', 'Chrome', '58.0.3029.110', 'OS X', '10.11.6', '127.0.0.1', '2017-05-20 01:53:54', '2017-05-20 01:53:54'),
(640, '14', 'en', 'Chrome', '58.0.3029.110', 'OS X', '10.11.6', '127.0.0.1', '2017-05-20 01:53:59', '2017-05-20 01:53:59'),
(641, '62', 'en', 'Chrome', '58.0.3029.110', 'OS X', '10.11.6', '127.0.0.1', '2017-05-20 01:54:05', '2017-05-20 01:54:05'),
(642, '14', 'en', 'Chrome', '58.0.3029.110', 'OS X', '10.11.6', '127.0.0.1', '2017-05-20 01:54:08', '2017-05-20 01:54:08'),
(643, '61', 'en', 'Chrome', '58.0.3029.110', 'OS X', '10.11.6', '127.0.0.1', '2017-05-20 01:54:09', '2017-05-20 01:54:09'),
(644, '63', 'en', 'Chrome', '58.0.3029.110', 'OS X', '10.11.6', '127.0.0.1', '2017-05-20 01:54:14', '2017-05-20 01:54:14'),
(645, '63', 'en', 'Chrome', '58.0.3029.110', 'OS X', '10.11.6', '127.0.0.1', '2017-05-20 01:54:53', '2017-05-20 01:54:53'),
(646, '33', 'en', 'Chrome', '58.0.3029.110', 'OS X', '10.11.6', '127.0.0.1', '2017-05-20 01:55:20', '2017-05-20 01:55:20'),
(647, '34', 'en', 'Chrome', '58.0.3029.110', 'OS X', '10.11.6', '127.0.0.1', '2017-05-20 01:55:26', '2017-05-20 01:55:26'),
(648, '42', 'en', 'Chrome', '58.0.3029.110', 'OS X', '10.11.6', '127.0.0.1', '2017-05-20 01:55:29', '2017-05-20 01:55:29'),
(649, '33', 'en', 'Chrome', '58.0.3029.110', 'OS X', '10.11.6', '127.0.0.1', '2017-05-20 01:55:31', '2017-05-20 01:55:31'),
(650, '34', 'en', 'Chrome', '58.0.3029.110', 'OS X', '10.11.6', '127.0.0.1', '2017-05-20 01:55:32', '2017-05-20 01:55:32'),
(651, '14', 'en', 'Chrome', '58.0.3029.110', 'OS X', '10.11.6', '127.0.0.1', '2017-05-20 01:55:37', '2017-05-20 01:55:37'),
(652, '60', 'en', 'Chrome', '58.0.3029.110', 'OS X', '10.11.6', '127.0.0.1', '2017-05-20 01:55:41', '2017-05-20 01:55:41'),
(653, '47', 'en', 'Chrome', '58.0.3029.110', 'OS X', '10.11.6', '127.0.0.1', '2017-05-20 01:57:04', '2017-05-20 01:57:04'),
(654, '1', 'en', 'Chrome', '58.0.3029.110', 'OS X', '10.11.6', '127.0.0.1', '2017-05-20 01:57:05', '2017-05-20 01:57:05'),
(655, '2', 'en', 'Chrome', '58.0.3029.110', 'OS X', '10.11.6', '127.0.0.1', '2017-05-20 01:57:07', '2017-05-20 01:57:07'),
(656, '1', 'en', 'Chrome', '58.0.3029.110', 'OS X', '10.11.6', '127.0.0.1', '2017-05-20 01:57:08', '2017-05-20 01:57:08'),
(657, '1', 'en', 'Chrome', '58.0.3029.110', 'OS X', '10.11.6', '127.0.0.1', '2017-05-20 01:57:10', '2017-05-20 01:57:10'),
(658, '1', 'en', 'Chrome', '58.0.3029.110', 'OS X', '10.11.6', '127.0.0.1', '2017-05-20 01:57:11', '2017-05-20 01:57:11'),
(659, '1', 'en', 'Chrome', '58.0.3029.110', 'OS X', '10.11.6', '127.0.0.1', '2017-05-20 01:57:15', '2017-05-20 01:57:15'),
(660, '63', 'en', 'Chrome', '58.0.3029.110', 'OS X', '10.11.6', '127.0.0.1', '2017-05-20 01:57:18', '2017-05-20 01:57:18'),
(661, '47', 'en', 'Chrome', '58.0.3029.110', 'OS X', '10.11.6', '127.0.0.1', '2017-05-20 01:57:20', '2017-05-20 01:57:20'),
(662, '64', 'en', 'Chrome', '58.0.3029.110', 'OS X', '10.11.6', '127.0.0.1', '2017-05-20 01:57:26', '2017-05-20 01:57:26'),
(663, '46', 'en', 'Chrome', '58.0.3029.110', 'OS X', '10.11.6', '127.0.0.1', '2017-05-20 01:57:28', '2017-05-20 01:57:28'),
(664, '1', 'en', 'Chrome', '58.0.3029.110', 'OS X', '10.11.6', '127.0.0.1', '2017-05-20 01:57:30', '2017-05-20 01:57:30'),
(665, '6', 'en', 'Chrome', '58.0.3029.110', 'OS X', '10.11.6', '127.0.0.1', '2017-05-20 01:57:32', '2017-05-20 01:57:32'),
(666, '1', 'en', 'Chrome', '58.0.3029.110', 'OS X', '10.11.6', '127.0.0.1', '2017-05-20 01:57:35', '2017-05-20 01:57:35'),
(667, '61', 'en', 'Chrome', '58.0.3029.110', 'OS X', '10.11.6', '127.0.0.1', '2017-05-20 01:57:57', '2017-05-20 01:57:57'),
(668, '47', 'en', 'Chrome', '58.0.3029.110', 'OS X', '10.11.6', '127.0.0.1', '2017-05-20 01:58:00', '2017-05-20 01:58:00'),
(669, '60', 'en', 'Chrome', '58.0.3029.110', 'OS X', '10.11.6', '127.0.0.1', '2017-05-20 01:58:00', '2017-05-20 01:58:00'),
(670, '1', 'en', 'Chrome', '58.0.3029.110', 'OS X', '10.11.6', '127.0.0.1', '2017-05-20 01:58:06', '2017-05-20 01:58:06'),
(671, '1', 'en', 'Chrome', '58.0.3029.110', 'OS X', '10.11.6', '127.0.0.1', '2017-05-20 01:58:50', '2017-05-20 01:58:50'),
(672, '62', 'en', 'Chrome', '58.0.3029.110', 'OS X', '10.11.6', '127.0.0.1', '2017-05-20 01:59:30', '2017-05-20 01:59:30'),
(673, '55', 'en', 'Chrome', '58.0.3029.110', 'OS X', '10.11.6', '127.0.0.1', '2017-05-20 01:59:36', '2017-05-20 01:59:36'),
(674, '61', 'en', 'Chrome', '58.0.3029.110', 'OS X', '10.11.6', '127.0.0.1', '2017-05-20 01:59:43', '2017-05-20 01:59:43'),
(675, '47', 'en', 'Chrome', '58.0.3029.110', 'OS X', '10.11.6', '127.0.0.1', '2017-05-20 01:59:45', '2017-05-20 01:59:45'),
(676, '61', 'en', 'Chrome', '58.0.3029.110', 'OS X', '10.11.6', '127.0.0.1', '2017-05-20 02:00:08', '2017-05-20 02:00:08'),
(677, '65', 'en', 'Chrome', '58.0.3029.110', 'OS X', '10.11.6', '127.0.0.1', '2017-05-20 02:01:25', '2017-05-20 02:01:25'),
(678, '65', 'en', 'Chrome', '58.0.3029.110', 'OS X', '10.11.6', '127.0.0.1', '2017-05-20 02:06:07', '2017-05-20 02:06:07'),
(679, '66', 'en', 'Chrome', '58.0.3029.110', 'OS X', '10.11.6', '127.0.0.1', '2017-05-20 02:06:10', '2017-05-20 02:06:10'),
(680, '66', 'en', 'Chrome', '58.0.3029.110', 'OS X', '10.11.6', '127.0.0.1', '2017-05-20 02:08:55', '2017-05-20 02:08:55'),
(681, '2', 'en', 'Chrome', '58.0.3029.110', 'OS X', '10.11.6', '127.0.0.1', '2017-05-20 02:09:02', '2017-05-20 02:09:02'),
(682, '21', 'en', 'Chrome', '58.0.3029.110', 'OS X', '10.11.6', '127.0.0.1', '2017-05-20 02:09:06', '2017-05-20 02:09:06'),
(683, '23', 'en', 'Chrome', '58.0.3029.110', 'OS X', '10.11.6', '127.0.0.1', '2017-05-20 02:09:08', '2017-05-20 02:09:08'),
(684, '9', 'en', 'Chrome', '58.0.3029.110', 'OS X', '10.11.6', '127.0.0.1', '2017-05-20 02:09:09', '2017-05-20 02:09:09'),
(685, '66', 'en', 'Chrome', '58.0.3029.110', 'OS X', '10.11.6', '127.0.0.1', '2017-05-20 02:09:14', '2017-05-20 02:09:14'),
(686, '66', 'en', 'Chrome', '58.0.3029.110', 'OS X', '10.11.6', '127.0.0.1', '2017-05-20 02:09:39', '2017-05-20 02:09:39'),
(687, '66', 'en', 'Chrome', '58.0.3029.110', 'OS X', '10.11.6', '127.0.0.1', '2017-05-20 02:10:02', '2017-05-20 02:10:02'),
(688, '66', 'en', 'Chrome', '58.0.3029.110', 'OS X', '10.11.6', '127.0.0.1', '2017-05-20 02:11:11', '2017-05-20 02:11:11'),
(689, '66', 'en', 'Chrome', '58.0.3029.110', 'OS X', '10.11.6', '127.0.0.1', '2017-05-20 02:11:19', '2017-05-20 02:11:19'),
(690, '66', 'en', 'Chrome', '58.0.3029.110', 'OS X', '10.11.6', '127.0.0.1', '2017-05-20 02:11:41', '2017-05-20 02:11:41'),
(691, '66', 'en', 'Chrome', '58.0.3029.110', 'OS X', '10.11.6', '127.0.0.1', '2017-05-20 02:12:09', '2017-05-20 02:12:09'),
(692, '66', 'en', 'Chrome', '58.0.3029.110', 'OS X', '10.11.6', '127.0.0.1', '2017-05-20 02:13:54', '2017-05-20 02:13:54'),
(693, '21', 'en', 'Chrome', '58.0.3029.110', 'OS X', '10.11.6', '127.0.0.1', '2017-05-20 02:13:59', '2017-05-20 02:13:59'),
(694, '9', 'en', 'Chrome', '58.0.3029.110', 'OS X', '10.11.6', '127.0.0.1', '2017-05-20 02:14:02', '2017-05-20 02:14:02'),
(695, '66', 'en', 'Chrome', '58.0.3029.110', 'OS X', '10.11.6', '127.0.0.1', '2017-05-20 02:14:10', '2017-05-20 02:14:10'),
(696, '23', 'en', 'Chrome', '58.0.3029.110', 'OS X', '10.11.6', '127.0.0.1', '2017-05-20 02:14:16', '2017-05-20 02:14:16'),
(697, '23', 'en', 'Chrome', '58.0.3029.110', 'OS X', '10.11.6', '127.0.0.1', '2017-05-20 02:14:23', '2017-05-20 02:14:23'),
(698, '9', 'en', 'Chrome', '58.0.3029.110', 'OS X', '10.11.6', '127.0.0.1', '2017-05-20 02:14:36', '2017-05-20 02:14:36'),
(699, '66', 'en', 'Chrome', '58.0.3029.110', 'OS X', '10.11.6', '127.0.0.1', '2017-05-20 02:14:44', '2017-05-20 02:14:44'),
(700, '66', 'en', 'Chrome', '58.0.3029.110', 'OS X', '10.11.6', '127.0.0.1', '2017-05-20 02:15:07', '2017-05-20 02:15:07'),
(701, '21', 'en', 'Chrome', '58.0.3029.110', 'OS X', '10.11.6', '127.0.0.1', '2017-05-20 02:15:11', '2017-05-20 02:15:11'),
(702, '2', 'en', 'Chrome', '58.0.3029.110', 'OS X', '10.11.6', '127.0.0.1', '2017-05-20 02:15:21', '2017-05-20 02:15:21'),
(703, '2', 'en', 'Chrome', '58.0.3029.110', 'OS X', '10.11.6', '127.0.0.1', '2017-05-20 02:17:06', '2017-05-20 02:17:06'),
(704, '2', 'en', 'Chrome', '58.0.3029.110', 'OS X', '10.11.6', '127.0.0.1', '2017-05-20 02:17:08', '2017-05-20 02:17:08'),
(705, '66', 'en', 'Chrome', '58.0.3029.110', 'OS X', '10.11.6', '127.0.0.1', '2017-05-20 02:17:09', '2017-05-20 02:17:09'),
(706, '9', 'en', 'Chrome', '58.0.3029.110', 'OS X', '10.11.6', '127.0.0.1', '2017-05-20 02:17:12', '2017-05-20 02:17:12'),
(707, '18', 'en', 'Chrome', '58.0.3029.110', 'OS X', '10.11.6', '127.0.0.1', '2017-05-20 02:17:13', '2017-05-20 02:17:13'),
(708, '2', 'en', 'Chrome', '58.0.3029.110', 'OS X', '10.11.6', '127.0.0.1', '2017-05-20 02:17:16', '2017-05-20 02:17:16'),
(709, '67', 'en', 'Chrome', '58.0.3029.110', 'OS X', '10.11.6', '127.0.0.1', '2017-05-20 02:17:17', '2017-05-20 02:17:17'),
(710, '67', 'en', 'Chrome', '58.0.3029.110', 'OS X', '10.11.6', '127.0.0.1', '2017-05-20 02:17:35', '2017-05-20 02:17:35'),
(711, '60', 'en', 'Chrome', '58.0.3029.110', 'OS X', '10.11.6', '127.0.0.1', '2017-05-20 02:17:47', '2017-05-20 02:17:47'),
(712, '1', 'en', 'Chrome', '58.0.3029.110', 'OS X', '10.11.6', '127.0.0.1', '2017-05-20 02:17:58', '2017-05-20 02:17:58'),
(713, '68', 'en', 'Chrome', '58.0.3029.110', 'OS X', '10.11.6', '127.0.0.1', '2017-05-20 02:18:17', '2017-05-20 02:18:17'),
(714, '68', 'en', 'Chrome', '58.0.3029.110', 'OS X', '10.11.6', '127.0.0.1', '2017-05-20 02:18:30', '2017-05-20 02:18:30'),
(715, '14', 'en', 'Chrome', '58.0.3029.110', 'OS X', '10.11.6', '127.0.0.1', '2017-05-20 02:18:33', '2017-05-20 02:18:33'),
(716, '33', 'en', 'Chrome', '58.0.3029.110', 'OS X', '10.11.6', '127.0.0.1', '2017-05-20 02:18:34', '2017-05-20 02:18:34'),
(717, '1', 'en', 'Chrome', '58.0.3029.110', 'OS X', '10.11.6', '127.0.0.1', '2017-05-20 02:18:37', '2017-05-20 02:18:37'),
(718, '1', 'en', 'Chrome', '58.0.3029.110', 'OS X', '10.11.6', '127.0.0.1', '2017-05-20 02:36:17', '2017-05-20 02:36:17'),
(719, '69', 'en', 'Chrome', '58.0.3029.110', 'OS X', '10.11.6', '127.0.0.1', '2017-05-20 02:36:20', '2017-05-20 02:36:20'),
(720, '69', 'en', 'Chrome', '58.0.3029.110', 'OS X', '10.11.6', '127.0.0.1', '2017-05-20 02:47:17', '2017-05-20 02:47:17'),
(721, '69', 'en', 'Chrome', '58.0.3029.110', 'OS X', '10.11.6', '127.0.0.1', '2017-05-20 02:48:58', '2017-05-20 02:48:58'),
(722, '69', 'en', 'Chrome', '58.0.3029.110', 'OS X', '10.11.6', '127.0.0.1', '2017-05-20 02:49:50', '2017-05-20 02:49:50'),
(723, '69', 'en', 'Chrome', '58.0.3029.110', 'OS X', '10.11.6', '127.0.0.1', '2017-05-20 02:53:28', '2017-05-20 02:53:28'),
(724, '69', 'en', 'Chrome', '58.0.3029.110', 'OS X', '10.11.6', '127.0.0.1', '2017-05-20 02:53:56', '2017-05-20 02:53:56'),
(725, '69', 'en', 'Chrome', '58.0.3029.110', 'OS X', '10.11.6', '127.0.0.1', '2017-05-20 02:54:10', '2017-05-20 02:54:10'),
(726, '14', 'en', 'Chrome', '58.0.3029.110', 'OS X', '10.11.6', '127.0.0.1', '2017-05-20 03:00:22', '2017-05-20 03:00:22'),
(727, '69', 'en', 'Chrome', '58.0.3029.110', 'OS X', '10.11.6', '127.0.0.1', '2017-05-20 03:00:24', '2017-05-20 03:00:24'),
(728, '69', 'en', 'Chrome', '58.0.3029.110', 'OS X', '10.11.6', '127.0.0.1', '2017-05-20 03:01:09', '2017-05-20 03:01:09'),
(729, '27', 'en', 'Chrome', '58.0.3029.110', 'OS X', '10.11.6', '127.0.0.1', '2017-05-20 03:01:12', '2017-05-20 03:01:12'),
(730, '1', 'en', 'Chrome', '58.0.3029.110', 'OS X', '10.11.6', '127.0.0.1', '2017-05-20 03:02:11', '2017-05-20 03:02:11'),
(731, '7', 'en', 'Chrome', '58.0.3029.110', 'OS X', '10.11.6', '127.0.0.1', '2017-05-20 03:02:15', '2017-05-20 03:02:15'),
(732, '6', 'en', 'Chrome', '58.0.3029.110', 'OS X', '10.11.6', '127.0.0.1', '2017-05-20 03:02:16', '2017-05-20 03:02:16'),
(733, '1', 'en', 'Chrome', '58.0.3029.110', 'OS X', '10.11.6', '127.0.0.1', '2017-05-20 03:02:21', '2017-05-20 03:02:21'),
(734, '69', 'en', 'Chrome', '58.0.3029.110', 'OS X', '10.11.6', '127.0.0.1', '2017-05-20 03:02:23', '2017-05-20 03:02:23'),
(735, '69', 'en', 'Chrome', '58.0.3029.110', 'OS X', '10.11.6', '127.0.0.1', '2017-05-20 03:02:58', '2017-05-20 03:02:58'),
(736, '1', 'en', 'Chrome', '58.0.3029.110', 'OS X', '10.11.6', '127.0.0.1', '2017-05-20 03:03:03', '2017-05-20 03:03:03'),
(737, '6', 'en', 'Chrome', '58.0.3029.110', 'OS X', '10.11.6', '127.0.0.1', '2017-05-20 03:03:06', '2017-05-20 03:03:06'),
(738, '1', 'en', 'Chrome', '58.0.3029.110', 'OS X', '10.11.6', '127.0.0.1', '2017-05-20 03:03:11', '2017-05-20 03:03:11'),
(739, '69', 'en', 'Chrome', '58.0.3029.110', 'OS X', '10.11.6', '127.0.0.1', '2017-05-20 03:03:51', '2017-05-20 03:03:51'),
(740, '69', 'en', 'Chrome', '58.0.3029.110', 'OS X', '10.11.6', '127.0.0.1', '2017-05-20 03:04:13', '2017-05-20 03:04:13'),
(741, '29', 'en', 'Chrome', '58.0.3029.110', 'OS X', '10.11.6', '127.0.0.1', '2017-05-20 03:04:15', '2017-05-20 03:04:15'),
(742, '69', 'en', 'Chrome', '58.0.3029.110', 'OS X', '10.11.6', '127.0.0.1', '2017-05-20 03:04:59', '2017-05-20 03:04:59'),
(743, '69', 'en', 'Chrome', '58.0.3029.110', 'OS X', '10.11.6', '127.0.0.1', '2017-05-20 03:09:05', '2017-05-20 03:09:05'),
(744, '69', 'en', 'Chrome', '58.0.3029.110', 'OS X', '10.11.6', '127.0.0.1', '2017-05-20 03:09:07', '2017-05-20 03:09:07'),
(745, '69', 'en', 'Chrome', '58.0.3029.110', 'OS X', '10.11.6', '127.0.0.1', '2017-05-20 03:10:34', '2017-05-20 03:10:34'),
(746, '69', 'en', 'Chrome', '58.0.3029.110', 'OS X', '10.11.6', '127.0.0.1', '2017-05-20 03:10:54', '2017-05-20 03:10:54'),
(747, '69', 'en', 'Chrome', '58.0.3029.110', 'OS X', '10.11.6', '127.0.0.1', '2017-05-20 03:11:29', '2017-05-20 03:11:29'),
(748, '69', 'en', 'Chrome', '58.0.3029.110', 'OS X', '10.11.6', '127.0.0.1', '2017-05-20 03:11:59', '2017-05-20 03:11:59'),
(749, '29', 'en', 'Chrome', '58.0.3029.110', 'OS X', '10.11.6', '127.0.0.1', '2017-05-20 03:12:02', '2017-05-20 03:12:02'),
(750, '69', 'en', 'Chrome', '58.0.3029.110', 'OS X', '10.11.6', '127.0.0.1', '2017-05-20 03:12:05', '2017-05-20 03:12:05'),
(751, '27', 'en', 'Chrome', '58.0.3029.110', 'OS X', '10.11.6', '127.0.0.1', '2017-05-20 03:12:07', '2017-05-20 03:12:07'),
(752, '27', 'en', 'Chrome', '58.0.3029.110', 'OS X', '10.11.6', '127.0.0.1', '2017-05-20 03:12:18', '2017-05-20 03:12:18'),
(753, '27', 'en', 'Chrome', '58.0.3029.110', 'OS X', '10.11.6', '127.0.0.1', '2017-05-20 09:11:08', '2017-05-20 09:11:08'),
(754, '69', 'en', 'Chrome', '58.0.3029.110', 'OS X', '10.11.6', '127.0.0.1', '2017-05-20 09:11:10', '2017-05-20 09:11:10'),
(755, '69', 'en', 'Chrome', '58.0.3029.110', 'OS X', '10.11.6', '127.0.0.1', '2017-05-20 09:12:45', '2017-05-20 09:12:45'),
(756, '69', 'en', 'Chrome', '58.0.3029.110', 'OS X', '10.11.6', '127.0.0.1', '2017-05-20 09:13:47', '2017-05-20 09:13:47'),
(757, '69', 'en', 'Chrome', '58.0.3029.110', 'OS X', '10.11.6', '127.0.0.1', '2017-05-20 09:14:47', '2017-05-20 09:14:47'),
(758, '69', 'en', 'Chrome', '58.0.3029.110', 'OS X', '10.11.6', '127.0.0.1', '2017-05-20 09:16:27', '2017-05-20 09:16:27'),
(759, '69', 'en', 'Chrome', '58.0.3029.110', 'OS X', '10.11.6', '127.0.0.1', '2017-05-20 09:17:32', '2017-05-20 09:17:32'),
(760, '69', 'en', 'Chrome', '58.0.3029.110', 'OS X', '10.11.6', '127.0.0.1', '2017-05-20 09:18:01', '2017-05-20 09:18:01'),
(761, '69', 'en', 'Chrome', '58.0.3029.110', 'OS X', '10.11.6', '127.0.0.1', '2017-05-20 09:22:58', '2017-05-20 09:22:58'),
(762, '70', 'en', 'Chrome', '58.0.3029.110', 'OS X', '10.11.6', '127.0.0.1', '2017-05-20 09:23:12', '2017-05-20 09:23:12'),
(763, '21', 'en', 'Chrome', '58.0.3029.110', 'OS X', '10.11.6', '127.0.0.1', '2017-05-20 09:24:47', '2017-05-20 09:24:47'),
(764, '70', 'en', 'Chrome', '58.0.3029.110', 'OS X', '10.11.6', '127.0.0.1', '2017-05-20 09:24:55', '2017-05-20 09:24:55'),
(765, '70', 'en', 'Chrome', '58.0.3029.110', 'OS X', '10.11.6', '127.0.0.1', '2017-05-20 09:26:24', '2017-05-20 09:26:24'),
(766, '70', 'en', 'Chrome', '58.0.3029.110', 'OS X', '10.11.6', '127.0.0.1', '2017-05-20 09:27:43', '2017-05-20 09:27:43'),
(767, '70', 'en', 'Chrome', '58.0.3029.110', 'OS X', '10.11.6', '127.0.0.1', '2017-05-20 09:28:18', '2017-05-20 09:28:18'),
(768, '21', 'en', 'Chrome', '58.0.3029.110', 'OS X', '10.11.6', '127.0.0.1', '2017-05-20 09:28:19', '2017-05-20 09:28:19'),
(769, '70', 'en', 'Chrome', '58.0.3029.110', 'OS X', '10.11.6', '127.0.0.1', '2017-05-20 09:28:27', '2017-05-20 09:28:27'),
(770, '2', 'en', 'Chrome', '58.0.3029.110', 'OS X', '10.11.6', '127.0.0.1', '2017-05-20 09:29:31', '2017-05-20 09:29:31'),
(771, '9', 'en', 'Chrome', '58.0.3029.110', 'OS X', '10.11.6', '127.0.0.1', '2017-05-20 09:29:45', '2017-05-20 09:29:45'),
(772, '14', 'en', 'Chrome', '58.0.3029.110', 'OS X', '10.11.6', '127.0.0.1', '2017-05-20 09:29:50', '2017-05-20 09:29:50'),
(773, '37', 'en', 'Chrome', '58.0.3029.110', 'OS X', '10.11.6', '127.0.0.1', '2017-05-20 09:29:52', '2017-05-20 09:29:52'),
(774, '69', 'en', 'Chrome', '58.0.3029.110', 'OS X', '10.11.6', '127.0.0.1', '2017-05-20 09:30:16', '2017-05-20 09:30:16'),
(775, '69', 'en', 'Chrome', '58.0.3029.110', 'OS X', '10.11.6', '127.0.0.1', '2017-05-20 09:30:52', '2017-05-20 09:30:52'),
(776, '70', 'en', 'Chrome', '58.0.3029.110', 'OS X', '10.11.6', '127.0.0.1', '2017-05-20 09:31:04', '2017-05-20 09:31:04'),
(777, '70', 'en', 'Chrome', '58.0.3029.110', 'OS X', '10.11.6', '127.0.0.1', '2017-05-20 09:45:55', '2017-05-20 09:45:55'),
(778, '70', 'en', 'Chrome', '58.0.3029.110', 'OS X', '10.11.6', '127.0.0.1', '2017-05-20 09:47:28', '2017-05-20 09:47:28'),
(779, '70', 'en', 'Chrome', '58.0.3029.110', 'OS X', '10.11.6', '127.0.0.1', '2017-05-20 09:48:17', '2017-05-20 09:48:17'),
(780, '70', 'en', 'Chrome', '58.0.3029.110', 'OS X', '10.11.6', '127.0.0.1', '2017-05-20 09:48:30', '2017-05-20 09:48:30'),
(781, '70', 'en', 'Chrome', '58.0.3029.110', 'OS X', '10.11.6', '127.0.0.1', '2017-05-20 09:48:46', '2017-05-20 09:48:46'),
(782, '70', 'en', 'Chrome', '58.0.3029.110', 'OS X', '10.11.6', '127.0.0.1', '2017-05-20 09:54:31', '2017-05-20 09:54:31'),
(783, '2', 'en', 'Chrome', '58.0.3029.110', 'OS X', '10.11.6', '127.0.0.1', '2017-05-20 09:55:15', '2017-05-20 09:55:15'),
(784, '2', 'en', 'Chrome', '58.0.3029.110', 'OS X', '10.11.6', '127.0.0.1', '2017-05-20 09:55:25', '2017-05-20 09:55:25'),
(785, '2', 'en', 'Chrome', '58.0.3029.110', 'OS X', '10.11.6', '127.0.0.1', '2017-05-20 10:01:26', '2017-05-20 10:01:26'),
(786, '70', 'en', 'Chrome', '58.0.3029.110', 'OS X', '10.11.6', '127.0.0.1', '2017-05-20 10:01:28', '2017-05-20 10:01:28'),
(787, '2', 'en', 'Chrome', '58.0.3029.110', 'OS X', '10.11.6', '127.0.0.1', '2017-05-20 10:01:58', '2017-05-20 10:01:58'),
(788, '2', 'en', 'Chrome', '58.0.3029.110', 'OS X', '10.11.6', '127.0.0.1', '2017-05-20 10:02:10', '2017-05-20 10:02:10'),
(789, '2', 'en', 'Chrome', '58.0.3029.110', 'OS X', '10.11.6', '127.0.0.1', '2017-05-20 10:02:42', '2017-05-20 10:02:42'),
(790, '2', 'en', 'Chrome', '58.0.3029.110', 'OS X', '10.11.6', '127.0.0.1', '2017-05-20 10:03:51', '2017-05-20 10:03:51'),
(791, '2', 'en', 'Chrome', '58.0.3029.110', 'OS X', '10.11.6', '127.0.0.1', '2017-05-20 10:04:36', '2017-05-20 10:04:36'),
(792, '2', 'en', 'Chrome', '58.0.3029.110', 'OS X', '10.11.6', '127.0.0.1', '2017-05-20 10:04:40', '2017-05-20 10:04:40'),
(793, '2', 'en', 'Chrome', '58.0.3029.110', 'OS X', '10.11.6', '127.0.0.1', '2017-05-20 10:04:47', '2017-05-20 10:04:47'),
(794, '2', 'en', 'Chrome', '58.0.3029.110', 'OS X', '10.11.6', '127.0.0.1', '2017-05-20 10:04:56', '2017-05-20 10:04:56'),
(795, '2', 'en', 'Chrome', '58.0.3029.110', 'OS X', '10.11.6', '127.0.0.1', '2017-05-20 10:05:04', '2017-05-20 10:05:04'),
(796, '71', 'en', 'Chrome', '58.0.3029.110', 'OS X', '10.11.6', '127.0.0.1', '2017-05-20 10:05:18', '2017-05-20 10:05:18'),
(797, '70', 'en', 'Chrome', '58.0.3029.110', 'OS X', '10.11.6', '127.0.0.1', '2017-05-20 10:05:27', '2017-05-20 10:05:27'),
(798, '2', 'en', 'Chrome', '58.0.3029.110', 'OS X', '10.11.6', '127.0.0.1', '2017-05-20 10:05:48', '2017-05-20 10:05:48'),
(799, '66', 'en', 'Chrome', '58.0.3029.110', 'OS X', '10.11.6', '127.0.0.1', '2017-05-20 10:05:55', '2017-05-20 10:05:55'),
(800, '66', 'en', 'Chrome', '58.0.3029.110', 'OS X', '10.11.6', '127.0.0.1', '2017-05-20 10:06:17', '2017-05-20 10:06:17'),
(801, '2', 'en', 'Chrome', '58.0.3029.110', 'OS X', '10.11.6', '127.0.0.1', '2017-05-20 10:06:22', '2017-05-20 10:06:22'),
(802, '70', 'en', 'Chrome', '58.0.3029.110', 'OS X', '10.11.6', '127.0.0.1', '2017-05-20 11:29:23', '2017-05-20 11:29:23'),
(803, '66', 'en', 'Chrome', '58.0.3029.110', 'OS X', '10.11.6', '127.0.0.1', '2017-05-20 11:35:49', '2017-05-20 11:35:49'),
(804, '2', 'en', 'Chrome', '58.0.3029.110', 'OS X', '10.11.6', '127.0.0.1', '2017-05-20 11:36:05', '2017-05-20 11:36:05'),
(805, '2', 'en', 'Chrome', '58.0.3029.110', 'OS X', '10.11.6', '127.0.0.1', '2017-05-20 11:42:33', '2017-05-20 11:42:33'),
(806, '2', 'en', 'Chrome', '58.0.3029.110', 'OS X', '10.11.6', '127.0.0.1', '2017-05-20 11:43:39', '2017-05-20 11:43:39'),
(807, '2', 'en', 'Chrome', '58.0.3029.110', 'OS X', '10.11.6', '127.0.0.1', '2017-05-20 11:44:05', '2017-05-20 11:44:05'),
(808, '2', 'en', 'Chrome', '58.0.3029.110', 'OS X', '10.11.6', '127.0.0.1', '2017-05-20 11:44:11', '2017-05-20 11:44:11'),
(809, '2', 'en', 'Chrome', '58.0.3029.110', 'OS X', '10.11.6', '127.0.0.1', '2017-05-20 11:54:43', '2017-05-20 11:54:43'),
(810, '2', 'en', 'Chrome', '58.0.3029.110', 'OS X', '10.11.6', '127.0.0.1', '2017-05-20 11:59:26', '2017-05-20 11:59:26'),
(811, '2', 'en', 'Chrome', '58.0.3029.110', 'OS X', '10.11.6', '127.0.0.1', '2017-05-20 12:00:00', '2017-05-20 12:00:00'),
(812, '66', 'en', 'Chrome', '58.0.3029.110', 'OS X', '10.11.6', '127.0.0.1', '2017-05-20 12:00:26', '2017-05-20 12:00:26'),
(813, '66', 'en', 'Chrome', '58.0.3029.110', 'OS X', '10.11.6', '127.0.0.1', '2017-05-20 12:02:10', '2017-05-20 12:02:10'),
(814, '66', 'en', 'Chrome', '58.0.3029.110', 'OS X', '10.11.6', '127.0.0.1', '2017-05-20 12:04:43', '2017-05-20 12:04:43'),
(815, '66', 'en', 'Chrome', '58.0.3029.110', 'OS X', '10.11.6', '127.0.0.1', '2017-05-20 12:05:25', '2017-05-20 12:05:25'),
(816, '66', 'en', 'Chrome', '58.0.3029.110', 'OS X', '10.11.6', '127.0.0.1', '2017-05-20 12:05:55', '2017-05-20 12:05:55'),
(817, '66', 'en', 'Chrome', '58.0.3029.110', 'OS X', '10.11.6', '127.0.0.1', '2017-05-20 12:06:49', '2017-05-20 12:06:49'),
(818, '72', 'en', 'Chrome', '58.0.3029.110', 'OS X', '10.11.6', '127.0.0.1', '2017-05-20 12:14:10', '2017-05-20 12:14:10'),
(819, '72', 'en', 'Chrome', '58.0.3029.110', 'OS X', '10.11.6', '127.0.0.1', '2017-05-20 12:14:20', '2017-05-20 12:14:20'),
(820, '21', 'en', 'Chrome', '58.0.3029.110', 'OS X', '10.11.6', '127.0.0.1', '2017-05-20 12:14:26', '2017-05-20 12:14:26');
INSERT INTO `link_views` (`id`, `link_id`, `language`, `browser`, `browser_version`, `os`, `os_version`, `ip`, `created_at`, `updated_at`) VALUES
(821, '24', 'en', 'Chrome', '58.0.3029.110', 'OS X', '10.11.6', '127.0.0.1', '2017-05-20 12:14:30', '2017-05-20 12:14:30'),
(822, '23', 'en', 'Chrome', '58.0.3029.110', 'OS X', '10.11.6', '127.0.0.1', '2017-05-20 12:14:32', '2017-05-20 12:14:32'),
(823, '72', 'en', 'Chrome', '58.0.3029.110', 'OS X', '10.11.6', '127.0.0.1', '2017-05-20 12:14:40', '2017-05-20 12:14:40'),
(824, '72', 'en', 'Chrome', '58.0.3029.110', 'OS X', '10.11.6', '127.0.0.1', '2017-05-20 12:15:41', '2017-05-20 12:15:41'),
(825, '2', 'en', 'Chrome', '58.0.3029.110', 'OS X', '10.11.6', '127.0.0.1', '2017-05-20 12:24:39', '2017-05-20 12:24:39'),
(826, '2', 'en', 'Chrome', '58.0.3029.110', 'OS X', '10.11.6', '127.0.0.1', '2017-05-20 12:27:12', '2017-05-20 12:27:12'),
(827, '2', 'en', 'Chrome', '58.0.3029.110', 'OS X', '10.11.6', '127.0.0.1', '2017-05-20 12:27:26', '2017-05-20 12:27:26'),
(828, '2', 'en', 'Chrome', '58.0.3029.110', 'OS X', '10.11.6', '127.0.0.1', '2017-05-20 12:27:29', '2017-05-20 12:27:29'),
(829, '2', 'en', 'Chrome', '58.0.3029.110', 'OS X', '10.11.6', '127.0.0.1', '2017-05-20 12:27:47', '2017-05-20 12:27:47'),
(830, '2', 'en', 'Chrome', '58.0.3029.110', 'OS X', '10.11.6', '127.0.0.1', '2017-05-20 12:28:34', '2017-05-20 12:28:34'),
(831, '2', 'en', 'Chrome', '58.0.3029.110', 'OS X', '10.11.6', '127.0.0.1', '2017-05-20 12:35:11', '2017-05-20 12:35:11'),
(832, '73', 'en', 'Chrome', '58.0.3029.110', 'OS X', '10.11.6', '127.0.0.1', '2017-05-20 12:35:22', '2017-05-20 12:35:22'),
(833, '2', 'en', 'Chrome', '58.0.3029.110', 'OS X', '10.11.6', '127.0.0.1', '2017-05-20 12:36:11', '2017-05-20 12:36:11'),
(834, '2', 'en', 'Chrome', '58.0.3029.110', 'OS X', '10.11.6', '127.0.0.1', '2017-05-20 12:36:36', '2017-05-20 12:36:36'),
(835, '2', 'en', 'Chrome', '58.0.3029.110', 'OS X', '10.11.6', '127.0.0.1', '2017-05-20 12:37:05', '2017-05-20 12:37:05'),
(836, '2', 'en', 'Chrome', '58.0.3029.110', 'OS X', '10.11.6', '127.0.0.1', '2017-05-20 12:37:08', '2017-05-20 12:37:08'),
(837, '2', 'en', 'Chrome', '58.0.3029.110', 'OS X', '10.11.6', '127.0.0.1', '2017-05-20 12:37:11', '2017-05-20 12:37:11'),
(838, '2', 'en', 'Chrome', '58.0.3029.110', 'OS X', '10.11.6', '127.0.0.1', '2017-05-20 12:37:27', '2017-05-20 12:37:27'),
(839, '2', 'en', 'Chrome', '58.0.3029.110', 'OS X', '10.11.6', '127.0.0.1', '2017-05-20 12:37:36', '2017-05-20 12:37:36'),
(840, '2', 'en', 'Chrome', '58.0.3029.110', 'OS X', '10.11.6', '127.0.0.1', '2017-05-20 12:37:55', '2017-05-20 12:37:55'),
(841, '2', 'en', 'Chrome', '58.0.3029.110', 'OS X', '10.11.6', '127.0.0.1', '2017-05-20 12:38:03', '2017-05-20 12:38:03'),
(842, '2', 'en', 'Chrome', '58.0.3029.110', 'OS X', '10.11.6', '127.0.0.1', '2017-05-20 12:38:09', '2017-05-20 12:38:09'),
(843, '2', 'en', 'Chrome', '58.0.3029.110', 'OS X', '10.11.6', '127.0.0.1', '2017-05-20 12:38:16', '2017-05-20 12:38:16'),
(844, '2', 'en', 'Chrome', '58.0.3029.110', 'OS X', '10.11.6', '127.0.0.1', '2017-05-20 12:38:20', '2017-05-20 12:38:20'),
(845, '2', 'en', 'Chrome', '58.0.3029.110', 'OS X', '10.11.6', '127.0.0.1', '2017-05-20 12:38:34', '2017-05-20 12:38:34'),
(846, '2', 'en', 'Chrome', '58.0.3029.110', 'OS X', '10.11.6', '127.0.0.1', '2017-05-20 12:39:03', '2017-05-20 12:39:03'),
(847, '74', 'en', 'Chrome', '58.0.3029.110', 'OS X', '10.11.6', '127.0.0.1', '2017-05-20 16:09:40', '2017-05-20 16:09:40'),
(848, '59', 'en', 'Chrome', '58.0.3029.110', 'OS X', '10.11.6', '127.0.0.1', '2017-05-20 16:09:46', '2017-05-20 16:09:46'),
(849, '1', 'en', 'Chrome', '58.0.3029.110', 'OS X', '10.11.6', '127.0.0.1', '2017-05-25 22:38:56', '2017-05-25 22:38:56'),
(850, '7', 'en', 'Chrome', '58.0.3029.110', 'OS X', '10.11.6', '127.0.0.1', '2017-05-25 22:39:10', '2017-05-25 22:39:10'),
(851, '6', 'en', 'Chrome', '58.0.3029.110', 'OS X', '10.11.6', '127.0.0.1', '2017-05-25 22:39:12', '2017-05-25 22:39:12'),
(852, '7', 'en', 'Chrome', '58.0.3029.110', 'OS X', '10.11.6', '127.0.0.1', '2017-05-25 22:39:13', '2017-05-25 22:39:13'),
(853, '75', 'en', 'Chrome', '58.0.3029.110', 'OS X', '10.11.6', '127.0.0.1', '2017-05-25 22:39:14', '2017-05-25 22:39:14'),
(854, '7', 'en', 'Chrome', '58.0.3029.110', 'OS X', '10.11.6', '127.0.0.1', '2017-05-25 22:39:16', '2017-05-25 22:39:16'),
(855, '6', 'en', 'Chrome', '58.0.3029.110', 'OS X', '10.11.6', '127.0.0.1', '2017-05-25 22:39:17', '2017-05-25 22:39:17'),
(856, '5', 'en', 'Chrome', '58.0.3029.110', 'OS X', '10.11.6', '127.0.0.1', '2017-05-25 22:39:18', '2017-05-25 22:39:18'),
(857, '2', 'en', 'Chrome', '58.0.3029.110', 'OS X', '10.11.6', '127.0.0.1', '2017-05-25 22:39:19', '2017-05-25 22:39:19'),
(858, '2', 'en', 'Chrome', '58.0.3029.110', 'OS X', '10.11.6', '127.0.0.1', '2017-05-25 22:39:22', '2017-05-25 22:39:22'),
(859, '2', 'en', 'Chrome', '58.0.3029.110', 'OS X', '10.11.6', '127.0.0.1', '2017-05-25 22:39:23', '2017-05-25 22:39:23'),
(860, '5', 'en', 'Chrome', '58.0.3029.110', 'OS X', '10.11.6', '127.0.0.1', '2017-05-25 22:39:24', '2017-05-25 22:39:24'),
(861, '2', 'en', 'Chrome', '58.0.3029.110', 'OS X', '10.11.6', '127.0.0.1', '2017-05-25 22:39:27', '2017-05-25 22:39:27'),
(862, '76', 'en', 'Chrome', '58.0.3029.110', 'OS X', '10.11.6', '127.0.0.1', '2017-05-25 22:39:31', '2017-05-25 22:39:31'),
(863, '77', 'en', 'Chrome', '58.0.3029.110', 'OS X', '10.11.6', '127.0.0.1', '2017-05-25 22:39:34', '2017-05-25 22:39:34'),
(864, '9', 'en', 'Chrome', '58.0.3029.110', 'OS X', '10.11.6', '127.0.0.1', '2017-05-25 22:39:38', '2017-05-25 22:39:38'),
(865, '2', 'en', 'Chrome', '58.0.3029.110', 'OS X', '10.11.6', '127.0.0.1', '2017-05-25 22:45:45', '2017-05-25 22:45:45'),
(866, '2', 'en', 'Chrome', '58.0.3029.110', 'OS X', '10.11.6', '127.0.0.1', '2017-05-25 22:55:38', '2017-05-25 22:55:38'),
(867, '2', 'en', 'Chrome', '58.0.3029.110', 'OS X', '10.11.6', '127.0.0.1', '2017-05-25 22:57:13', '2017-05-25 22:57:13'),
(868, '2', 'en', 'Chrome', '58.0.3029.110', 'OS X', '10.11.6', '127.0.0.1', '2017-05-25 22:57:45', '2017-05-25 22:57:45'),
(869, '2', 'en', 'Chrome', '58.0.3029.110', 'OS X', '10.11.6', '127.0.0.1', '2017-05-25 22:58:18', '2017-05-25 22:58:18'),
(870, '2', 'en', 'Chrome', '58.0.3029.110', 'OS X', '10.11.6', '127.0.0.1', '2017-05-25 23:02:02', '2017-05-25 23:02:02'),
(871, '2', 'en', 'Chrome', '58.0.3029.110', 'OS X', '10.11.6', '127.0.0.1', '2017-05-25 23:07:05', '2017-05-25 23:07:05'),
(872, '2', 'en', 'Chrome', '58.0.3029.110', 'OS X', '10.11.6', '127.0.0.1', '2017-05-25 23:07:51', '2017-05-25 23:07:51'),
(873, '2', 'en', 'Chrome', '58.0.3029.110', 'OS X', '10.11.6', '127.0.0.1', '2017-05-25 23:08:16', '2017-05-25 23:08:16'),
(874, '2', 'en', 'Chrome', '58.0.3029.110', 'OS X', '10.11.6', '127.0.0.1', '2017-05-25 23:08:26', '2017-05-25 23:08:26'),
(875, '2', 'en', 'Chrome', '58.0.3029.110', 'OS X', '10.11.6', '127.0.0.1', '2017-05-25 23:09:35', '2017-05-25 23:09:35'),
(876, '2', 'en', 'Chrome', '58.0.3029.110', 'OS X', '10.11.6', '127.0.0.1', '2017-05-25 23:10:15', '2017-05-25 23:10:15'),
(877, '2', 'en', 'Chrome', '58.0.3029.110', 'OS X', '10.11.6', '127.0.0.1', '2017-05-25 23:10:25', '2017-05-25 23:10:25'),
(878, '2', 'en', 'Chrome', '58.0.3029.110', 'OS X', '10.11.6', '127.0.0.1', '2017-05-25 23:10:50', '2017-05-25 23:10:50'),
(879, '2', 'en', 'Chrome', '58.0.3029.110', 'OS X', '10.11.6', '127.0.0.1', '2017-05-25 23:11:31', '2017-05-25 23:11:31'),
(880, '2', 'en', 'Chrome', '58.0.3029.110', 'OS X', '10.11.6', '127.0.0.1', '2017-05-25 23:20:53', '2017-05-25 23:20:53'),
(881, '2', 'en', 'Chrome', '58.0.3029.110', 'OS X', '10.11.6', '127.0.0.1', '2017-05-25 23:21:48', '2017-05-25 23:21:48'),
(882, '72', 'en', 'Chrome', '58.0.3029.110', 'OS X', '10.11.6', '127.0.0.1', '2017-05-25 23:21:54', '2017-05-25 23:21:54'),
(883, '72', 'en', 'Chrome', '58.0.3029.110', 'OS X', '10.11.6', '127.0.0.1', '2017-05-25 23:22:27', '2017-05-25 23:22:27'),
(884, '72', 'en', 'Chrome', '58.0.3029.110', 'OS X', '10.11.6', '127.0.0.1', '2017-05-25 23:22:43', '2017-05-25 23:22:43'),
(885, '72', 'en', 'Chrome', '58.0.3029.110', 'OS X', '10.11.6', '127.0.0.1', '2017-05-25 23:22:50', '2017-05-25 23:22:50'),
(886, '75', 'en', 'Chrome', '58.0.3029.110', 'OS X', '10.11.6', '127.0.0.1', '2017-05-25 23:23:00', '2017-05-25 23:23:00'),
(887, '10', 'en', 'Chrome', '58.0.3029.110', 'OS X', '10.11.6', '127.0.0.1', '2017-05-25 23:23:03', '2017-05-25 23:23:03'),
(888, '72', 'en', 'Chrome', '58.0.3029.110', 'OS X', '10.11.6', '127.0.0.1', '2017-05-25 23:23:31', '2017-05-25 23:23:31'),
(889, '72', 'en', 'Chrome', '58.0.3029.110', 'OS X', '10.11.6', '127.0.0.1', '2017-05-25 23:25:13', '2017-05-25 23:25:13'),
(890, '72', 'en', 'Chrome', '58.0.3029.110', 'OS X', '10.11.6', '127.0.0.1', '2017-05-25 23:25:24', '2017-05-25 23:25:24'),
(891, '72', 'en', 'Chrome', '58.0.3029.110', 'OS X', '10.11.6', '127.0.0.1', '2017-05-25 23:26:04', '2017-05-25 23:26:04'),
(892, '72', 'en', 'Chrome', '58.0.3029.110', 'OS X', '10.11.6', '127.0.0.1', '2017-05-25 23:26:36', '2017-05-25 23:26:36'),
(893, '72', 'en', 'Chrome', '58.0.3029.110', 'OS X', '10.11.6', '127.0.0.1', '2017-05-25 23:26:44', '2017-05-25 23:26:44'),
(894, '72', 'en', 'Chrome', '58.0.3029.110', 'OS X', '10.11.6', '127.0.0.1', '2017-05-25 23:26:51', '2017-05-25 23:26:51'),
(895, '72', 'en', 'Chrome', '58.0.3029.110', 'OS X', '10.11.6', '127.0.0.1', '2017-05-25 23:27:20', '2017-05-25 23:27:20'),
(896, '72', 'en', 'Chrome', '58.0.3029.110', 'OS X', '10.11.6', '127.0.0.1', '2017-05-25 23:27:27', '2017-05-25 23:27:27'),
(897, '2', 'en', 'Chrome', '58.0.3029.110', 'OS X', '10.11.6', '127.0.0.1', '2017-05-25 23:33:56', '2017-05-25 23:33:56'),
(898, '2', 'en', 'Chrome', '58.0.3029.110', 'OS X', '10.11.6', '127.0.0.1', '2017-05-25 23:33:59', '2017-05-25 23:33:59'),
(899, '72', 'en', 'Chrome', '58.0.3029.110', 'OS X', '10.11.6', '127.0.0.1', '2017-05-25 23:35:08', '2017-05-25 23:35:08'),
(900, '72', 'en', 'Chrome', '58.0.3029.110', 'OS X', '10.11.6', '127.0.0.1', '2017-05-25 23:35:17', '2017-05-25 23:35:17'),
(901, '72', 'en', 'Chrome', '58.0.3029.110', 'OS X', '10.11.6', '127.0.0.1', '2017-05-25 23:35:24', '2017-05-25 23:35:24'),
(902, '76', 'en', 'Chrome', '58.0.3029.110', 'OS X', '10.11.6', '127.0.0.1', '2017-05-25 23:35:29', '2017-05-25 23:35:29'),
(903, '72', 'en', 'Chrome', '58.0.3029.110', 'OS X', '10.11.6', '127.0.0.1', '2017-05-25 23:35:47', '2017-05-25 23:35:47'),
(904, '72', 'en', 'Chrome', '58.0.3029.110', 'OS X', '10.11.6', '127.0.0.1', '2017-05-25 23:35:54', '2017-05-25 23:35:54'),
(905, '72', 'en', 'Chrome', '58.0.3029.110', 'OS X', '10.11.6', '127.0.0.1', '2017-05-25 23:38:16', '2017-05-25 23:38:16'),
(906, '5', 'en', 'Chrome', '58.0.3029.110', 'OS X', '10.11.6', '127.0.0.1', '2017-05-25 23:38:32', '2017-05-25 23:38:32'),
(907, '72', 'en', 'Chrome', '58.0.3029.110', 'OS X', '10.11.6', '127.0.0.1', '2017-05-25 23:40:42', '2017-05-25 23:40:42'),
(908, '72', 'en', 'Chrome', '58.0.3029.110', 'OS X', '10.11.6', '127.0.0.1', '2017-05-25 23:41:17', '2017-05-25 23:41:17'),
(909, '72', 'en', 'Chrome', '58.0.3029.110', 'OS X', '10.11.6', '127.0.0.1', '2017-05-25 23:42:21', '2017-05-25 23:42:21'),
(910, '72', 'en', 'Chrome', '58.0.3029.110', 'OS X', '10.11.6', '127.0.0.1', '2017-05-25 23:43:33', '2017-05-25 23:43:33'),
(911, '72', 'en', 'Chrome', '58.0.3029.110', 'OS X', '10.11.6', '127.0.0.1', '2017-05-25 23:43:59', '2017-05-25 23:43:59'),
(912, '72', 'en', 'Chrome', '58.0.3029.110', 'OS X', '10.11.6', '127.0.0.1', '2017-05-25 23:44:13', '2017-05-25 23:44:13'),
(913, '72', 'en', 'Chrome', '58.0.3029.110', 'OS X', '10.11.6', '127.0.0.1', '2017-05-25 23:44:32', '2017-05-25 23:44:32'),
(914, '76', 'en', 'Chrome', '58.0.3029.110', 'OS X', '10.11.6', '127.0.0.1', '2017-05-25 23:44:37', '2017-05-25 23:44:37'),
(915, '2', 'en', 'Chrome', '58.0.3029.110', 'OS X', '10.11.6', '127.0.0.1', '2017-05-25 23:45:48', '2017-05-25 23:45:48'),
(916, '76', 'en', 'Chrome', '58.0.3029.110', 'OS X', '10.11.6', '127.0.0.1', '2017-05-26 00:21:09', '2017-05-26 00:21:09'),
(917, '76', 'en', 'Chrome', '58.0.3029.110', 'OS X', '10.11.6', '127.0.0.1', '2017-05-26 01:06:23', '2017-05-26 01:06:23'),
(918, '77', 'en', 'Chrome', '58.0.3029.110', 'OS X', '10.11.6', '127.0.0.1', '2017-05-26 01:07:09', '2017-05-26 01:07:09'),
(919, '78', 'en', 'Chrome', '58.0.3029.110', 'OS X', '10.11.6', '127.0.0.1', '2017-05-26 01:07:13', '2017-05-26 01:07:13'),
(920, '78', 'en', 'Chrome', '58.0.3029.110', 'OS X', '10.11.6', '127.0.0.1', '2017-05-26 01:07:29', '2017-05-26 01:07:29'),
(921, '78', 'en', 'Chrome', '58.0.3029.110', 'OS X', '10.11.6', '127.0.0.1', '2017-05-26 01:09:37', '2017-05-26 01:09:37'),
(922, '78', 'en', 'Chrome', '58.0.3029.110', 'OS X', '10.11.6', '127.0.0.1', '2017-05-26 01:09:46', '2017-05-26 01:09:46'),
(923, '78', 'en', 'Chrome', '58.0.3029.110', 'OS X', '10.11.6', '127.0.0.1', '2017-05-26 01:14:10', '2017-05-26 01:14:10'),
(924, '78', 'en', 'Chrome', '58.0.3029.110', 'OS X', '10.11.6', '127.0.0.1', '2017-05-26 01:14:55', '2017-05-26 01:14:55'),
(925, '78', 'en', 'Chrome', '58.0.3029.110', 'OS X', '10.11.6', '127.0.0.1', '2017-05-26 01:15:15', '2017-05-26 01:15:15'),
(926, '78', 'en', 'Chrome', '58.0.3029.110', 'OS X', '10.11.6', '127.0.0.1', '2017-05-26 01:29:23', '2017-05-26 01:29:23'),
(927, '78', 'en', 'Chrome', '58.0.3029.110', 'OS X', '10.11.6', '127.0.0.1', '2017-05-26 01:30:09', '2017-05-26 01:30:09'),
(928, '78', 'en', 'Chrome', '58.0.3029.110', 'OS X', '10.11.6', '127.0.0.1', '2017-05-26 01:31:26', '2017-05-26 01:31:26'),
(929, '78', 'en', 'Chrome', '58.0.3029.110', 'OS X', '10.11.6', '127.0.0.1', '2017-05-26 01:32:05', '2017-05-26 01:32:05'),
(930, '78', 'en', 'Chrome', '58.0.3029.110', 'OS X', '10.11.6', '127.0.0.1', '2017-05-26 01:33:18', '2017-05-26 01:33:18'),
(931, '78', 'en', 'Chrome', '58.0.3029.110', 'OS X', '10.11.6', '127.0.0.1', '2017-05-26 01:33:30', '2017-05-26 01:33:30'),
(932, '78', 'en', 'Chrome', '58.0.3029.110', 'OS X', '10.11.6', '127.0.0.1', '2017-05-26 01:34:02', '2017-05-26 01:34:02'),
(933, '78', 'en', 'Chrome', '58.0.3029.110', 'OS X', '10.11.6', '127.0.0.1', '2017-05-26 01:34:21', '2017-05-26 01:34:21'),
(934, '78', 'en', 'Chrome', '58.0.3029.110', 'OS X', '10.11.6', '127.0.0.1', '2017-05-26 01:34:43', '2017-05-26 01:34:43'),
(935, '78', 'en', 'Chrome', '58.0.3029.110', 'OS X', '10.11.6', '127.0.0.1', '2017-05-26 01:35:46', '2017-05-26 01:35:46'),
(936, '78', 'en', 'Chrome', '58.0.3029.110', 'OS X', '10.11.6', '127.0.0.1', '2017-05-26 01:37:07', '2017-05-26 01:37:07'),
(937, '78', 'en', 'Chrome', '58.0.3029.110', 'OS X', '10.11.6', '127.0.0.1', '2017-05-26 01:42:14', '2017-05-26 01:42:14'),
(938, '78', 'en', 'Chrome', '58.0.3029.110', 'OS X', '10.11.6', '127.0.0.1', '2017-05-26 01:42:30', '2017-05-26 01:42:30'),
(939, '78', 'en', 'Chrome', '58.0.3029.110', 'OS X', '10.11.6', '127.0.0.1', '2017-05-26 01:44:00', '2017-05-26 01:44:00'),
(940, '78', 'en', 'Chrome', '58.0.3029.110', 'OS X', '10.11.6', '127.0.0.1', '2017-05-26 01:44:47', '2017-05-26 01:44:47'),
(941, '78', 'en', 'Chrome', '58.0.3029.110', 'OS X', '10.11.6', '127.0.0.1', '2017-05-26 01:45:23', '2017-05-26 01:45:23'),
(942, '78', 'en', 'Chrome', '58.0.3029.110', 'OS X', '10.11.6', '127.0.0.1', '2017-05-26 01:46:46', '2017-05-26 01:46:46'),
(943, '78', 'en', 'Chrome', '58.0.3029.110', 'OS X', '10.11.6', '127.0.0.1', '2017-05-26 01:47:05', '2017-05-26 01:47:05'),
(944, '78', 'en', 'Chrome', '58.0.3029.110', 'OS X', '10.11.6', '127.0.0.1', '2017-05-26 01:47:11', '2017-05-26 01:47:11'),
(945, '78', 'en', 'Chrome', '58.0.3029.110', 'OS X', '10.11.6', '127.0.0.1', '2017-05-26 01:47:56', '2017-05-26 01:47:56'),
(946, '78', 'en', 'Chrome', '58.0.3029.110', 'OS X', '10.11.6', '127.0.0.1', '2017-05-26 01:48:41', '2017-05-26 01:48:41'),
(947, '77', 'en', 'Chrome', '58.0.3029.110', 'OS X', '10.11.6', '127.0.0.1', '2017-05-26 01:49:06', '2017-05-26 01:49:06'),
(948, '71', 'en', 'Chrome', '58.0.3029.110', 'OS X', '10.11.6', '127.0.0.1', '2017-05-26 01:49:13', '2017-05-26 01:49:13'),
(949, '71', 'en', 'Chrome', '58.0.3029.110', 'OS X', '10.11.6', '127.0.0.1', '2017-05-26 01:49:44', '2017-05-26 01:49:44'),
(950, '71', 'en', 'Chrome', '58.0.3029.110', 'OS X', '10.11.6', '127.0.0.1', '2017-05-26 01:51:33', '2017-05-26 01:51:33'),
(951, '71', 'en', 'Chrome', '58.0.3029.110', 'OS X', '10.11.6', '127.0.0.1', '2017-05-26 01:51:58', '2017-05-26 01:51:58'),
(952, '71', 'en', 'Chrome', '58.0.3029.110', 'OS X', '10.11.6', '127.0.0.1', '2017-05-26 01:52:03', '2017-05-26 01:52:03'),
(953, '71', 'en', 'Chrome', '58.0.3029.110', 'OS X', '10.11.6', '127.0.0.1', '2017-05-26 01:52:50', '2017-05-26 01:52:50'),
(954, '71', 'en', 'Chrome', '58.0.3029.110', 'OS X', '10.11.6', '127.0.0.1', '2017-05-26 01:55:51', '2017-05-26 01:55:51'),
(955, '71', 'en', 'Chrome', '58.0.3029.110', 'OS X', '10.11.6', '127.0.0.1', '2017-05-26 01:56:06', '2017-05-26 01:56:06'),
(956, '79', 'en', 'Chrome', '58.0.3029.110', 'OS X', '10.11.6', '127.0.0.1', '2017-05-26 01:59:06', '2017-05-26 01:59:06'),
(957, '79', 'en', 'Chrome', '58.0.3029.110', 'OS X', '10.11.6', '127.0.0.1', '2017-05-26 02:00:18', '2017-05-26 02:00:18'),
(958, '79', 'en', 'Chrome', '58.0.3029.110', 'OS X', '10.11.6', '127.0.0.1', '2017-05-26 02:02:03', '2017-05-26 02:02:03'),
(959, '79', 'en', 'Chrome', '58.0.3029.110', 'OS X', '10.11.6', '127.0.0.1', '2017-05-26 02:02:08', '2017-05-26 02:02:08'),
(960, '79', 'en', 'Chrome', '58.0.3029.110', 'OS X', '10.11.6', '127.0.0.1', '2017-05-26 02:02:11', '2017-05-26 02:02:11'),
(961, '79', 'en', 'Chrome', '58.0.3029.110', 'OS X', '10.11.6', '127.0.0.1', '2017-05-26 02:02:15', '2017-05-26 02:02:15'),
(962, '79', 'en', 'Chrome', '58.0.3029.110', 'OS X', '10.11.6', '127.0.0.1', '2017-05-26 02:03:01', '2017-05-26 02:03:01'),
(963, '79', 'en', 'Chrome', '58.0.3029.110', 'OS X', '10.11.6', '127.0.0.1', '2017-05-26 02:03:09', '2017-05-26 02:03:09'),
(964, '79', 'en', 'Chrome', '58.0.3029.110', 'OS X', '10.11.6', '127.0.0.1', '2017-05-26 02:03:27', '2017-05-26 02:03:27'),
(965, '79', 'en', 'Chrome', '58.0.3029.110', 'OS X', '10.11.6', '127.0.0.1', '2017-05-26 02:03:37', '2017-05-26 02:03:37'),
(966, '79', 'en', 'Chrome', '58.0.3029.110', 'OS X', '10.11.6', '127.0.0.1', '2017-05-26 02:03:45', '2017-05-26 02:03:45'),
(967, '79', 'en', 'Chrome', '58.0.3029.110', 'OS X', '10.11.6', '127.0.0.1', '2017-05-26 02:04:15', '2017-05-26 02:04:15'),
(968, '79', 'en', 'Chrome', '58.0.3029.110', 'OS X', '10.11.6', '127.0.0.1', '2017-05-26 02:05:15', '2017-05-26 02:05:15'),
(969, '79', 'en', 'Chrome', '58.0.3029.110', 'OS X', '10.11.6', '127.0.0.1', '2017-05-26 02:06:07', '2017-05-26 02:06:07'),
(970, '80', 'en', 'Chrome', '58.0.3029.110', 'OS X', '10.11.6', '127.0.0.1', '2017-05-26 02:08:04', '2017-05-26 02:08:04'),
(971, '81', 'en', 'Chrome', '58.0.3029.110', 'OS X', '10.11.6', '127.0.0.1', '2017-05-26 02:08:07', '2017-05-26 02:08:07'),
(972, '82', 'en', 'Chrome', '58.0.3029.110', 'OS X', '10.11.6', '127.0.0.1', '2017-05-26 02:08:10', '2017-05-26 02:08:10'),
(973, '82', 'en', 'Chrome', '58.0.3029.110', 'OS X', '10.11.6', '127.0.0.1', '2017-05-26 02:12:06', '2017-05-26 02:12:06'),
(974, '82', 'en', 'Chrome', '58.0.3029.110', 'OS X', '10.11.6', '127.0.0.1', '2017-05-26 02:12:29', '2017-05-26 02:12:29'),
(975, '82', 'en', 'Chrome', '58.0.3029.110', 'OS X', '10.11.6', '127.0.0.1', '2017-05-26 02:12:47', '2017-05-26 02:12:47'),
(976, '82', 'en', 'Chrome', '58.0.3029.110', 'OS X', '10.11.6', '127.0.0.1', '2017-05-26 02:13:01', '2017-05-26 02:13:01'),
(977, '5', 'en', 'Chrome', '58.0.3029.110', 'OS X', '10.11.6', '127.0.0.1', '2017-05-26 02:13:09', '2017-05-26 02:13:09'),
(978, '70', 'en', 'Chrome', '58.0.3029.110', 'OS X', '10.11.6', '127.0.0.1', '2017-05-26 02:13:12', '2017-05-26 02:13:12'),
(979, '70', 'en', 'Chrome', '58.0.3029.110', 'OS X', '10.11.6', '127.0.0.1', '2017-05-26 02:13:43', '2017-05-26 02:13:43'),
(980, '70', 'en', 'Chrome', '58.0.3029.110', 'OS X', '10.11.6', '127.0.0.1', '2017-05-26 02:15:21', '2017-05-26 02:15:21'),
(981, '70', 'en', 'Chrome', '58.0.3029.110', 'OS X', '10.11.6', '127.0.0.1', '2017-05-26 02:16:45', '2017-05-26 02:16:45'),
(982, '70', 'en', 'Chrome', '58.0.3029.110', 'OS X', '10.11.6', '127.0.0.1', '2017-05-26 02:19:12', '2017-05-26 02:19:12'),
(983, '70', 'en', 'Chrome', '58.0.3029.110', 'OS X', '10.11.6', '127.0.0.1', '2017-05-26 02:20:24', '2017-05-26 02:20:24'),
(984, '70', 'en', 'Chrome', '58.0.3029.110', 'OS X', '10.11.6', '127.0.0.1', '2017-05-26 02:20:40', '2017-05-26 02:20:40'),
(985, '70', 'en', 'Chrome', '58.0.3029.110', 'OS X', '10.11.6', '127.0.0.1', '2017-05-26 02:22:11', '2017-05-26 02:22:11'),
(986, '70', 'en', 'Chrome', '58.0.3029.110', 'OS X', '10.11.6', '127.0.0.1', '2017-05-26 02:23:14', '2017-05-26 02:23:14'),
(987, '70', 'en', 'Chrome', '58.0.3029.110', 'OS X', '10.11.6', '127.0.0.1', '2017-05-26 02:30:08', '2017-05-26 02:30:08'),
(988, '70', 'en', 'Chrome', '58.0.3029.110', 'OS X', '10.11.6', '127.0.0.1', '2017-05-26 02:31:14', '2017-05-26 02:31:14'),
(989, '70', 'en', 'Chrome', '58.0.3029.110', 'OS X', '10.11.6', '127.0.0.1', '2017-05-26 02:32:20', '2017-05-26 02:32:20'),
(990, '70', 'en', 'Chrome', '58.0.3029.110', 'OS X', '10.11.6', '127.0.0.1', '2017-05-26 02:32:46', '2017-05-26 02:32:46'),
(991, '70', 'en', 'Chrome', '58.0.3029.110', 'OS X', '10.11.6', '127.0.0.1', '2017-05-26 02:34:39', '2017-05-26 02:34:39'),
(992, '70', 'en', 'Chrome', '58.0.3029.110', 'OS X', '10.11.6', '127.0.0.1', '2017-05-26 02:35:59', '2017-05-26 02:35:59'),
(993, '70', 'en', 'Chrome', '58.0.3029.110', 'OS X', '10.11.6', '127.0.0.1', '2017-05-26 02:36:20', '2017-05-26 02:36:20'),
(994, '70', 'en', 'Chrome', '58.0.3029.110', 'OS X', '10.11.6', '127.0.0.1', '2017-05-26 02:38:24', '2017-05-26 02:38:24'),
(995, '70', 'en', 'Chrome', '58.0.3029.110', 'OS X', '10.11.6', '127.0.0.1', '2017-05-26 02:40:14', '2017-05-26 02:40:14'),
(996, '70', 'en', 'Chrome', '58.0.3029.110', 'OS X', '10.11.6', '127.0.0.1', '2017-05-26 02:43:05', '2017-05-26 02:43:05'),
(997, '2', 'en', 'Chrome', '58.0.3029.110', 'OS X', '10.11.6', '127.0.0.1', '2017-05-26 02:43:28', '2017-05-26 02:43:28'),
(998, '2', 'en', 'Chrome', '58.0.3029.110', 'OS X', '10.11.6', '127.0.0.1', '2017-05-26 02:43:43', '2017-05-26 02:43:43'),
(999, '70', 'en', 'Chrome', '58.0.3029.110', 'OS X', '10.11.6', '127.0.0.1', '2017-05-26 02:43:53', '2017-05-26 02:43:53'),
(1000, '70', 'en', 'Chrome', '58.0.3029.110', 'OS X', '10.11.6', '127.0.0.1', '2017-05-26 02:44:43', '2017-05-26 02:44:43'),
(1001, '2', 'en', 'Chrome', '58.0.3029.110', 'OS X', '10.11.6', '127.0.0.1', '2017-05-26 02:47:11', '2017-05-26 02:47:11'),
(1002, '70', 'en', 'Chrome', '58.0.3029.110', 'OS X', '10.11.6', '127.0.0.1', '2017-05-26 02:47:14', '2017-05-26 02:47:14'),
(1003, '2', 'en', 'Chrome', '58.0.3029.110', 'OS X', '10.11.6', '127.0.0.1', '2017-05-26 02:47:29', '2017-05-26 02:47:29'),
(1004, '76', 'en', 'Chrome', '58.0.3029.110', 'OS X', '10.11.6', '127.0.0.1', '2017-05-26 02:47:31', '2017-05-26 02:47:31'),
(1005, '76', 'en', 'Chrome', '58.0.3029.110', 'OS X', '10.11.6', '127.0.0.1', '2017-05-26 02:48:21', '2017-05-26 02:48:21'),
(1006, '70', 'en', 'Chrome', '58.0.3029.110', 'OS X', '10.11.6', '127.0.0.1', '2017-05-26 02:48:29', '2017-05-26 02:48:29'),
(1007, '70', 'en', 'Chrome', '58.0.3029.110', 'OS X', '10.11.6', '127.0.0.1', '2017-05-26 02:52:49', '2017-05-26 02:52:49'),
(1008, '70', 'en', 'Chrome', '58.0.3029.110', 'OS X', '10.11.6', '127.0.0.1', '2017-05-26 02:53:24', '2017-05-26 02:53:24'),
(1009, '70', 'en', 'Chrome', '58.0.3029.110', 'OS X', '10.11.6', '127.0.0.1', '2017-05-26 02:54:17', '2017-05-26 02:54:17'),
(1010, '70', 'en', 'Chrome', '58.0.3029.110', 'OS X', '10.11.6', '127.0.0.1', '2017-05-26 02:55:39', '2017-05-26 02:55:39'),
(1011, '2', 'en', 'Chrome', '58.0.3029.110', 'OS X', '10.11.6', '127.0.0.1', '2017-05-26 02:57:05', '2017-05-26 02:57:05'),
(1012, '66', 'en', 'Chrome', '58.0.3029.110', 'OS X', '10.11.6', '127.0.0.1', '2017-05-26 02:57:11', '2017-05-26 02:57:11'),
(1013, '70', 'en', 'Chrome', '58.0.3029.110', 'OS X', '10.11.6', '127.0.0.1', '2017-05-26 02:58:25', '2017-05-26 02:58:25'),
(1014, '70', 'en', 'Chrome', '58.0.3029.110', 'OS X', '10.11.6', '127.0.0.1', '2017-05-26 02:58:36', '2017-05-26 02:58:36'),
(1015, '2', 'en', 'Chrome', '58.0.3029.110', 'OS X', '10.11.6', '127.0.0.1', '2017-05-26 02:58:45', '2017-05-26 02:58:45'),
(1016, '71', 'en', 'Chrome', '58.0.3029.110', 'OS X', '10.11.6', '127.0.0.1', '2017-05-26 02:58:47', '2017-05-26 02:58:47'),
(1017, '76', 'en', 'Chrome', '58.0.3029.110', 'OS X', '10.11.6', '127.0.0.1', '2017-05-26 02:58:50', '2017-05-26 02:58:50'),
(1018, '66', 'en', 'Chrome', '58.0.3029.110', 'OS X', '10.11.6', '127.0.0.1', '2017-05-26 02:58:58', '2017-05-26 02:58:58'),
(1019, '83', 'en', 'Chrome', '58.0.3029.110', 'OS X', '10.11.6', '127.0.0.1', '2017-05-26 03:06:30', '2017-05-26 03:06:30'),
(1020, '76', 'en', 'Chrome', '58.0.3029.110', 'OS X', '10.11.6', '127.0.0.1', '2017-05-26 03:06:41', '2017-05-26 03:06:41'),
(1021, '83', 'en', 'Chrome', '58.0.3029.110', 'OS X', '10.11.6', '127.0.0.1', '2017-05-26 03:06:48', '2017-05-26 03:06:48'),
(1022, '83', 'en', 'Chrome', '58.0.3029.110', 'OS X', '10.11.6', '127.0.0.1', '2017-05-26 03:10:06', '2017-05-26 03:10:06'),
(1023, '83', 'en', 'Chrome', '58.0.3029.110', 'OS X', '10.11.6', '127.0.0.1', '2017-05-26 03:10:42', '2017-05-26 03:10:42'),
(1024, '83', 'en', 'Chrome', '58.0.3029.110', 'OS X', '10.11.6', '127.0.0.1', '2017-05-26 03:11:00', '2017-05-26 03:11:00'),
(1025, '2', 'en', 'Chrome', '58.0.3029.110', 'OS X', '10.11.6', '127.0.0.1', '2017-05-26 03:11:44', '2017-05-26 03:11:44'),
(1026, '2', 'en', 'Chrome', '58.0.3029.110', 'OS X', '10.11.6', '127.0.0.1', '2017-05-26 03:12:54', '2017-05-26 03:12:54'),
(1027, '76', 'en', 'Chrome', '58.0.3029.110', 'OS X', '10.11.6', '127.0.0.1', '2017-05-26 03:12:58', '2017-05-26 03:12:58'),
(1028, '2', 'en', 'Chrome', '58.0.3029.110', 'OS X', '10.11.6', '127.0.0.1', '2017-05-26 03:13:07', '2017-05-26 03:13:07'),
(1029, '2', 'en', 'Chrome', '58.0.3029.110', 'OS X', '10.11.6', '127.0.0.1', '2017-05-26 03:13:44', '2017-05-26 03:13:44'),
(1030, '2', 'en', 'Chrome', '58.0.3029.110', 'OS X', '10.11.6', '127.0.0.1', '2017-05-26 03:18:39', '2017-05-26 03:18:39'),
(1031, '2', 'en', 'Chrome', '58.0.3029.110', 'OS X', '10.11.6', '127.0.0.1', '2017-05-26 03:18:50', '2017-05-26 03:18:50'),
(1032, '2', 'en', 'Chrome', '58.0.3029.110', 'OS X', '10.11.6', '127.0.0.1', '2017-05-26 03:21:23', '2017-05-26 03:21:23'),
(1033, '2', 'en', 'Chrome', '58.0.3029.110', 'OS X', '10.11.6', '127.0.0.1', '2017-05-26 03:23:12', '2017-05-26 03:23:12'),
(1034, '10', 'en', 'Chrome', '58.0.3029.110', 'OS X', '10.11.6', '127.0.0.1', '2017-05-26 03:23:21', '2017-05-26 03:23:21'),
(1035, '9', 'en', 'Chrome', '58.0.3029.110', 'OS X', '10.11.6', '127.0.0.1', '2017-05-26 03:23:25', '2017-05-26 03:23:25'),
(1036, '11', 'en', 'Chrome', '58.0.3029.110', 'OS X', '10.11.6', '127.0.0.1', '2017-05-26 03:23:28', '2017-05-26 03:23:28'),
(1037, '84', 'en', 'Chrome', '58.0.3029.110', 'OS X', '10.11.6', '127.0.0.1', '2017-05-26 03:23:31', '2017-05-26 03:23:31'),
(1038, '9', 'en', 'Chrome', '58.0.3029.110', 'OS X', '10.11.6', '127.0.0.1', '2017-05-26 03:23:36', '2017-05-26 03:23:36'),
(1039, '76', 'en', 'Chrome', '58.0.3029.110', 'OS X', '10.11.6', '127.0.0.1', '2017-05-26 03:23:38', '2017-05-26 03:23:38'),
(1040, '77', 'en', 'Chrome', '58.0.3029.110', 'OS X', '10.11.6', '127.0.0.1', '2017-05-26 03:23:41', '2017-05-26 03:23:41'),
(1041, '76', 'en', 'Chrome', '58.0.3029.110', 'OS X', '10.11.6', '127.0.0.1', '2017-05-26 03:23:46', '2017-05-26 03:23:46'),
(1042, '2', 'en', 'Chrome', '58.0.3029.110', 'OS X', '10.11.6', '127.0.0.1', '2017-05-26 03:23:50', '2017-05-26 03:23:50'),
(1043, '2', 'en', 'Chrome', '58.0.3029.110', 'OS X', '10.11.6', '127.0.0.1', '2017-05-26 03:26:12', '2017-05-26 03:26:12'),
(1044, '2', 'en', 'Chrome', '58.0.3029.110', 'OS X', '10.11.6', '127.0.0.1', '2017-05-26 03:26:37', '2017-05-26 03:26:37'),
(1045, '2', 'en', 'Chrome', '58.0.3029.110', 'OS X', '10.11.6', '127.0.0.1', '2017-05-26 03:26:41', '2017-05-26 03:26:41'),
(1046, '2', 'en', 'Chrome', '58.0.3029.110', 'OS X', '10.11.6', '127.0.0.1', '2017-05-26 03:28:13', '2017-05-26 03:28:13'),
(1047, '2', 'en', 'Chrome', '58.0.3029.110', 'OS X', '10.11.6', '127.0.0.1', '2017-05-26 03:29:03', '2017-05-26 03:29:03'),
(1048, '2', 'en', 'Chrome', '58.0.3029.110', 'OS X', '10.11.6', '127.0.0.1', '2017-05-26 03:33:13', '2017-05-26 03:33:13'),
(1049, '2', 'en', 'Chrome', '58.0.3029.110', 'OS X', '10.11.6', '127.0.0.1', '2017-05-26 03:34:16', '2017-05-26 03:34:16'),
(1050, '2', 'en', 'Chrome', '58.0.3029.110', 'OS X', '10.11.6', '127.0.0.1', '2017-05-26 03:35:00', '2017-05-26 03:35:00'),
(1051, '2', 'en', 'Chrome', '58.0.3029.110', 'OS X', '10.11.6', '127.0.0.1', '2017-05-26 03:35:37', '2017-05-26 03:35:37'),
(1052, '1', 'en', 'Chrome', '58.0.3029.110', 'OS X', '10.11.6', '127.0.0.1', '2017-05-26 03:35:43', '2017-05-26 03:35:43'),
(1053, '1', 'en', 'Chrome', '58.0.3029.110', 'OS X', '10.11.6', '127.0.0.1', '2017-05-26 03:36:00', '2017-05-26 03:36:00'),
(1054, '1', 'en', 'Chrome', '58.0.3029.110', 'OS X', '10.11.6', '127.0.0.1', '2017-05-26 03:37:28', '2017-05-26 03:37:28'),
(1055, '1', 'en', 'Chrome', '58.0.3029.110', 'OS X', '10.11.6', '127.0.0.1', '2017-05-26 03:37:36', '2017-05-26 03:37:36'),
(1056, '1', 'en', 'Chrome', '58.0.3029.110', 'OS X', '10.11.6', '127.0.0.1', '2017-05-26 04:57:25', '2017-05-26 04:57:25');

-- --------------------------------------------------------

--
-- Table structure for table `logs`
--

CREATE TABLE `logs` (
  `id` int(10) UNSIGNED NOT NULL,
  `action` varchar(30) COLLATE utf8mb4_unicode_ci NOT NULL,
  `model` varchar(50) COLLATE utf8mb4_unicode_ci NOT NULL,
  `status` varchar(30) COLLATE utf8mb4_unicode_ci NOT NULL,
  `messages` text COLLATE utf8mb4_unicode_ci NOT NULL,
  `user_id` int(10) UNSIGNED NOT NULL,
  `created_at` timestamp NULL DEFAULT NULL,
  `updated_at` timestamp NULL DEFAULT NULL
) ENGINE=InnoDB DEFAULT CHARSET=utf8mb4 COLLATE=utf8mb4_unicode_ci;

--
-- Dumping data for table `logs`
--

INSERT INTO `logs` (`id`, `action`, `model`, `status`, `messages`, `user_id`, `created_at`, `updated_at`) VALUES
(1, 'Visit Create Page', 'categories', 'Success', '', 1, '2017-05-13 06:46:09', '2017-05-13 06:46:09'),
(2, 'Visit Create Page', 'categories', 'Success', '', 1, '2017-05-13 06:46:17', '2017-05-13 06:46:17'),
(3, 'Create', 'categories', 'Success', '{"New id":[1]}', 1, '2017-05-13 06:46:41', '2017-05-13 06:46:41'),
(4, 'Visit Edit Page', 'categories', 'Success', '{"Edit Id":["1"]}', 1, '2017-05-13 06:47:03', '2017-05-13 06:47:03'),
(5, 'Visit Edit Page', 'categories', 'Success', '{"Edit Id":["favicon.ico"]}', 1, '2017-05-13 06:47:04', '2017-05-13 06:47:04'),
(6, 'Visit Edit Page', 'categories', 'Success', '{"Edit Id":["1"]}', 1, '2017-05-13 06:47:15', '2017-05-13 06:47:15'),
(7, 'Delete', 'categories', 'Success', '{"Updated id":["1"]}', 1, '2017-05-13 06:47:23', '2017-05-13 06:47:23'),
(8, 'Visit Create Page', 'users', 'Success', '', 1, '2017-05-13 06:47:42', '2017-05-13 06:47:42'),
(9, 'Visit Edit Page', 'setting', 'Success', '{"Edit Id":["1"]}', 1, '2017-05-13 06:49:47', '2017-05-13 06:49:47'),
(10, 'Visit Create Page', 'setting', 'Success', '', 1, '2017-05-13 06:49:56', '2017-05-13 06:49:56'),
(11, 'Visit Edit Page', 'menu', 'Success', '{"Edit Id":["1"]}', 1, '2017-05-13 06:50:27', '2017-05-13 06:50:27'),
(12, 'Visit Edit Page', 'menu', 'Success', '{"Edit Id":["1"]}', 1, '2017-05-13 06:51:04', '2017-05-13 06:51:04'),
(13, 'Visit Edit Page', 'menu', 'Success', '{"Edit Id":["1"]}', 1, '2017-05-13 06:51:24', '2017-05-13 06:51:24'),
(14, 'Visit Edit Page', 'menu', 'Success', '{"Edit Id":["1"]}', 1, '2017-05-13 06:51:37', '2017-05-13 06:51:37'),
(15, 'Visit Create Page', 'pages', 'Success', '', 1, '2017-05-13 06:51:53', '2017-05-13 06:51:53'),
(16, 'Visit Edit Page', 'logs', 'Success', '{"Edit Id":["3"]}', 1, '2017-05-13 06:53:05', '2017-05-13 06:53:05'),
(17, 'Visit Create Page', 'categories', 'Success', '', 1, '2017-05-13 06:59:01', '2017-05-13 06:59:01'),
(18, 'Visit Edit Page', 'menu', 'Success', '{"Edit Id":["2"]}', 1, '2017-05-13 07:01:28', '2017-05-13 07:01:28'),
(19, 'Visit Create Page', 'categories', 'Success', '', 1, '2017-05-13 07:43:37', '2017-05-13 07:43:37'),
(20, 'Visit Create Page', 'setting', 'Success', '', 1, '2017-05-13 07:43:47', '2017-05-13 07:43:47'),
(21, 'Visit Create Page', 'categories', 'Success', '', 1, '2017-05-13 09:25:46', '2017-05-13 09:25:46'),
(22, 'Create', 'categories', 'Success', '{"New id":[2]}', 1, '2017-05-13 09:26:01', '2017-05-13 09:26:01'),
(23, 'Visit Edit Page', 'categories', 'Success', '{"Edit Id":["2"]}', 1, '2017-05-13 09:26:07', '2017-05-13 09:26:07'),
(24, 'Visit Edit Page', 'categories', 'Success', '{"Edit Id":["2"]}', 1, '2017-05-13 09:26:13', '2017-05-13 09:26:13'),
(25, 'Visit Edit Page', 'categories', 'Success', '{"Edit Id":["favicon.ico"]}', 1, '2017-05-13 09:26:14', '2017-05-13 09:26:14'),
(26, 'Delete', 'categories', 'Success', '{"Updated id":["2"]}', 1, '2017-05-13 09:26:23', '2017-05-13 09:26:23'),
(27, 'Visit Create Page', 'users', 'Success', '', 1, '2017-05-13 09:26:49', '2017-05-13 09:26:49'),
(28, 'Visit Edit Page', 'permissions', 'Success', '{"Edit Id":["9"]}', 1, '2017-05-13 09:28:00', '2017-05-13 09:28:00'),
(29, 'Visit Edit Page', 'permissions', 'Success', '{"Edit Id":["favicon.ico"]}', 1, '2017-05-13 09:28:02', '2017-05-13 09:28:02'),
(30, 'Update', 'permissions', 'Success', '{"Updated id":["9"]}', 1, '2017-05-13 09:28:05', '2017-05-13 09:28:05'),
(31, 'Visit Edit Page', 'permissions', 'Success', '{"Edit Id":["9"]}', 1, '2017-05-13 09:28:20', '2017-05-13 09:28:20'),
(32, 'Visit Edit Page', 'permissions', 'Success', '{"Edit Id":["favicon.ico"]}', 1, '2017-05-13 09:28:21', '2017-05-13 09:28:21'),
(33, 'Update', 'permissions', 'Success', '{"Updated id":["9"]}', 1, '2017-05-13 09:28:25', '2017-05-13 09:28:25'),
(34, 'Visit Edit Page', 'setting', 'Success', '{"Edit Id":["1"]}', 1, '2017-05-13 09:29:24', '2017-05-13 09:29:24'),
(35, 'Visit Edit Page', 'setting', 'Success', '{"Edit Id":["favicon.ico"]}', 1, '2017-05-13 09:29:25', '2017-05-13 09:29:25'),
(36, 'Visit Edit Page', 'menu', 'Success', '{"Edit Id":["2"]}', 1, '2017-05-13 09:30:04', '2017-05-13 09:30:04'),
(37, 'Visit Edit Page', 'menu', 'Success', '{"Edit Id":["1"]}', 1, '2017-05-13 09:30:23', '2017-05-13 09:30:23'),
(38, 'Visit Edit Page', 'pages', 'Success', '{"Edit Id":["1"]}', 1, '2017-05-13 09:30:52', '2017-05-13 09:30:52'),
(39, 'Visit Edit Page', 'pages', 'Success', '{"Edit Id":["favicon.ico"]}', 1, '2017-05-13 09:30:55', '2017-05-13 09:30:55'),
(40, 'Visit Edit Page', 'pages', 'Success', '{"Edit Id":["1"]}', 1, '2017-05-13 09:31:42', '2017-05-13 09:31:42'),
(41, 'Visit Edit Page', 'pages', 'Success', '{"Edit Id":["favicon.ico"]}', 1, '2017-05-13 09:31:44', '2017-05-13 09:31:44'),
(42, 'Visit Edit Page', 'logs', 'Success', '{"Edit Id":["41"]}', 1, '2017-05-13 09:32:15', '2017-05-13 09:32:15'),
(43, 'Visit Create Page', 'permissions', 'Success', '', 1, '2017-05-13 10:09:27', '2017-05-13 10:09:27'),
(44, 'Create', 'permissions', 'Success', '{"New id":[10]}', 1, '2017-05-13 10:09:54', '2017-05-13 10:09:54'),
(45, 'Visit Edit Page', 'groups', 'Success', '{"Edit Id":["1"]}', 1, '2017-05-13 10:10:04', '2017-05-13 10:10:04'),
(46, 'Visit Edit Page', 'groups', 'Success', '{"Edit Id":["favicon.ico"]}', 1, '2017-05-13 10:10:05', '2017-05-13 10:10:05'),
(47, 'Update', 'groups', 'Success', '{"Updated id":["1"]}', 1, '2017-05-13 10:10:12', '2017-05-13 10:10:12'),
(48, 'Visit Create Page', 'country', 'Success', '', 1, '2017-05-13 10:10:21', '2017-05-13 10:10:21'),
(49, 'Visit Create Page', 'country', 'Success', '', 1, '2017-05-13 10:10:43', '2017-05-13 10:10:43'),
(50, 'Create', 'country', 'Success', '{"New id":[1]}', 1, '2017-05-13 10:11:24', '2017-05-13 10:11:24'),
(51, 'Visit Edit Page', 'country', 'Success', '{"Edit Id":["1"]}', 1, '2017-05-13 10:11:30', '2017-05-13 10:11:30'),
(52, 'Visit Edit Page', 'country', 'Success', '{"Edit Id":["favicon.ico"]}', 1, '2017-05-13 10:11:31', '2017-05-13 10:11:31'),
(53, 'Visit Edit Page', 'country', 'Success', '{"Edit Id":["1"]}', 1, '2017-05-13 10:14:07', '2017-05-13 10:14:07'),
(54, 'Visit Edit Page', 'country', 'Success', '{"Edit Id":["favicon.ico"]}', 1, '2017-05-13 10:14:08', '2017-05-13 10:14:08'),
(55, 'Visit Create Page', 'country', 'Success', '', 1, '2017-05-13 10:14:15', '2017-05-13 10:14:15'),
(56, 'Create', 'country', 'Success', '{"New id":[2]}', 1, '2017-05-13 10:14:30', '2017-05-13 10:14:30'),
(57, 'Delete', 'country', 'Success', '{"Updated id":["2"]}', 1, '2017-05-13 10:14:36', '2017-05-13 10:14:36'),
(58, 'Visit Edit Page', 'country', 'Success', '{"Edit Id":["1"]}', 1, '2017-05-13 10:14:39', '2017-05-13 10:14:39'),
(59, 'Visit Edit Page', 'country', 'Success', '{"Edit Id":["1"]}', 1, '2017-05-13 10:15:32', '2017-05-13 10:15:32'),
(60, 'Visit Edit Page', 'country', 'Success', '{"Edit Id":["1"]}', 1, '2017-05-13 10:15:40', '2017-05-13 10:15:40'),
(61, 'Visit Edit Page', 'country', 'Success', '{"Edit Id":["1"]}', 1, '2017-05-13 10:16:15', '2017-05-13 10:16:15'),
(62, 'Visit Edit Page', 'country', 'Success', '{"Edit Id":["1"]}', 1, '2017-05-13 10:16:20', '2017-05-13 10:16:20'),
(63, 'Visit Create Page', 'country', 'Success', '', 1, '2017-05-13 10:18:50', '2017-05-13 10:18:50'),
(64, 'Create', 'country', 'Success', '{"New id":[3]}', 1, '2017-05-13 10:19:01', '2017-05-13 10:19:01'),
(65, 'Visit Create Page', 'country', 'Success', '', 1, '2017-05-13 10:19:04', '2017-05-13 10:19:04'),
(66, 'Create', 'country', 'Success', '{"New id":[4]}', 1, '2017-05-13 10:19:23', '2017-05-13 10:19:23'),
(67, 'Visit Create Page', 'country', 'Success', '', 1, '2017-05-13 10:19:27', '2017-05-13 10:19:27'),
(68, 'Create', 'country', 'Success', '{"New id":[5]}', 1, '2017-05-13 10:20:50', '2017-05-13 10:20:50'),
(69, 'Visit Create Page', 'country', 'Success', '', 1, '2017-05-13 10:21:49', '2017-05-13 10:21:49'),
(70, 'Create', 'country', 'Success', '{"New id":[6]}', 1, '2017-05-13 10:21:57', '2017-05-13 10:21:57'),
(71, 'Visit Create Page', 'country', 'Success', '', 1, '2017-05-13 10:22:07', '2017-05-13 10:22:07'),
(72, 'Create', 'country', 'Success', '{"New id":[7]}', 1, '2017-05-13 10:22:28', '2017-05-13 10:22:28'),
(73, 'Visit Edit Page', 'country', 'Success', '{"Edit Id":["7"]}', 1, '2017-05-13 11:07:07', '2017-05-13 11:07:07'),
(74, 'Visit Create Page', 'permissions', 'Success', '', 1, '2017-05-13 11:17:50', '2017-05-13 11:17:50'),
(75, 'Create', 'permissions', 'Success', '{"New id":[11]}', 1, '2017-05-13 11:18:13', '2017-05-13 11:18:13'),
(76, 'Visit Edit Page', 'groups', 'Success', '{"Edit Id":["1"]}', 1, '2017-05-13 11:18:21', '2017-05-13 11:18:21'),
(77, 'Visit Edit Page', 'groups', 'Success', '{"Edit Id":["favicon.ico"]}', 1, '2017-05-13 11:18:22', '2017-05-13 11:18:22'),
(78, 'Update', 'groups', 'Success', '{"Updated id":["1"]}', 1, '2017-05-13 11:18:26', '2017-05-13 11:18:26'),
(79, 'Visit Create Page', 'state', 'Success', '', 1, '2017-05-13 11:18:34', '2017-05-13 11:18:34'),
(80, 'Visit Create Page', 'state', 'Success', '', 1, '2017-05-13 11:18:57', '2017-05-13 11:18:57'),
(81, 'Visit Create Page', 'state', 'Success', '', 1, '2017-05-13 11:18:59', '2017-05-13 11:18:59'),
(82, 'Visit Create Page', 'state', 'Success', '', 1, '2017-05-13 11:19:01', '2017-05-13 11:19:01'),
(83, 'Visit Create Page', 'state', 'Success', '', 1, '2017-05-13 11:20:04', '2017-05-13 11:20:04'),
(84, 'Visit Create Page', 'state', 'Success', '', 1, '2017-05-13 11:20:41', '2017-05-13 11:20:41'),
(85, 'Visit Create Page', 'state', 'Success', '', 1, '2017-05-13 11:21:26', '2017-05-13 11:21:26'),
(86, 'Visit Create Page', 'state', 'Success', '', 1, '2017-05-13 11:22:25', '2017-05-13 11:22:25'),
(87, 'Create', 'state', 'Success', '{"New id":[1]}', 1, '2017-05-13 11:23:14', '2017-05-13 11:23:14'),
(88, 'Visit Edit Page', 'state', 'Success', '{"Edit Id":["1"]}', 1, '2017-05-13 11:24:27', '2017-05-13 11:24:27'),
(89, 'Visit Edit Page', 'state', 'Success', '{"Edit Id":["1"]}', 1, '2017-05-13 11:26:59', '2017-05-13 11:26:59'),
(90, 'Visit Edit Page', 'state', 'Success', '{"Edit Id":["1"]}', 1, '2017-05-13 11:27:08', '2017-05-13 11:27:08'),
(91, 'Visit Edit Page', 'menu', 'Success', '{"Edit Id":["1"]}', 1, '2017-05-13 11:27:26', '2017-05-13 11:27:26'),
(92, 'Visit Edit Page', 'menu', 'Success', '{"Edit Id":["1"]}', 1, '2017-05-13 11:27:57', '2017-05-13 11:27:57'),
(93, 'Visit Edit Page', 'menu', 'Success', '{"Edit Id":["1"]}', 1, '2017-05-13 11:28:36', '2017-05-13 11:28:36'),
(94, 'Visit Edit Page', 'menu', 'Success', '{"Edit Id":["1"]}', 1, '2017-05-13 11:31:11', '2017-05-13 11:31:11'),
(95, 'Visit Edit Page', 'menu', 'Success', '{"Edit Id":["1"]}', 1, '2017-05-13 11:36:44', '2017-05-13 11:36:44'),
(96, 'Visit Edit Page', 'menu', 'Success', '{"Edit Id":["1"]}', 1, '2017-05-13 11:38:13', '2017-05-13 11:38:13'),
(97, 'Visit Edit Page', 'menu', 'Success', '{"Edit Id":["1"]}', 1, '2017-05-13 11:39:49', '2017-05-13 11:39:49'),
(98, 'Visit Edit Page', 'menu', 'Success', '{"Edit Id":["1"]}', 1, '2017-05-13 11:39:58', '2017-05-13 11:39:58'),
(99, 'Visit Edit Page', 'menu', 'Success', '{"Edit Id":["1"]}', 1, '2017-05-13 11:43:37', '2017-05-13 11:43:37'),
(100, 'Visit Edit Page', 'menu', 'Success', '{"Edit Id":["1"]}', 1, '2017-05-13 11:47:02', '2017-05-13 11:47:02'),
(101, 'Visit Edit Page', 'menu', 'Success', '{"Edit Id":["1"]}', 1, '2017-05-13 11:47:43', '2017-05-13 11:47:43'),
(102, 'Visit Edit Page', 'menu', 'Success', '{"Edit Id":["1"]}', 1, '2017-05-13 11:52:37', '2017-05-13 11:52:37'),
(103, 'Visit Edit Page', 'menu', 'Success', '{"Edit Id":["1"]}', 1, '2017-05-13 11:52:51', '2017-05-13 11:52:51'),
(104, 'Visit Edit Page', 'menu', 'Success', '{"Edit Id":["1"]}', 1, '2017-05-13 11:55:35', '2017-05-13 11:55:35'),
(105, 'Visit Edit Page', 'menu', 'Success', '{"Edit Id":["1"]}', 1, '2017-05-13 12:00:52', '2017-05-13 12:00:52'),
(106, 'Visit Edit Page', 'menu', 'Success', '{"Edit Id":["1"]}', 1, '2017-05-13 12:01:21', '2017-05-13 12:01:21'),
(107, 'Visit Edit Page', 'menu', 'Success', '{"Edit Id":["1"]}', 1, '2017-05-13 12:03:10', '2017-05-13 12:03:10'),
(108, 'Visit Edit Page', 'state', 'Success', '{"Edit Id":["1"]}', 1, '2017-05-13 12:35:35', '2017-05-13 12:35:35'),
(109, 'Visit Edit Page', 'state', 'Success', '{"Edit Id":["favicon.ico"]}', 1, '2017-05-13 12:35:37', '2017-05-13 12:35:37'),
(110, 'Update', 'state', 'Success', '{"Updated id":["1"]}', 1, '2017-05-13 12:35:42', '2017-05-13 12:35:42'),
(111, 'Visit Edit Page', 'state', 'Success', '{"Edit Id":["1"]}', 1, '2017-05-13 12:35:45', '2017-05-13 12:35:45'),
(112, 'Visit Edit Page', 'state', 'Success', '{"Edit Id":["favicon.ico"]}', 1, '2017-05-13 12:35:46', '2017-05-13 12:35:46'),
(113, 'Visit Edit Page', 'state', 'Success', '{"Edit Id":["1"]}', 1, '2017-05-13 12:36:36', '2017-05-13 12:36:36'),
(114, 'Visit Edit Page', 'state', 'Success', '{"Edit Id":["favicon.ico"]}', 1, '2017-05-13 12:36:37', '2017-05-13 12:36:37'),
(115, 'Update', 'state', 'Success', '{"Updated id":["1"]}', 1, '2017-05-13 12:36:41', '2017-05-13 12:36:41'),
(116, 'Visit Create Page', 'permissions', 'Success', '', 1, '2017-05-13 12:38:08', '2017-05-13 12:38:08'),
(117, 'Create', 'permissions', 'Success', '{"New id":[12]}', 1, '2017-05-13 12:38:25', '2017-05-13 12:38:25'),
(118, 'Visit Edit Page', 'groups', 'Success', '{"Edit Id":["1"]}', 1, '2017-05-13 12:38:33', '2017-05-13 12:38:33'),
(119, 'Visit Edit Page', 'groups', 'Success', '{"Edit Id":["favicon.ico"]}', 1, '2017-05-13 12:38:35', '2017-05-13 12:38:35'),
(120, 'Update', 'groups', 'Success', '{"Updated id":["1"]}', 1, '2017-05-13 12:38:39', '2017-05-13 12:38:39'),
(121, 'Visit Create Page', 'product', 'Success', '', 1, '2017-05-13 12:39:21', '2017-05-13 12:39:21'),
(122, 'Visit Create Page', 'product', 'Success', '', 1, '2017-05-13 12:41:12', '2017-05-13 12:41:12'),
(123, 'Visit Create Page', 'categories', 'Success', '', 1, '2017-05-13 12:41:28', '2017-05-13 12:41:28'),
(124, 'Create', 'categories', 'Success', '{"New id":[3]}', 1, '2017-05-13 12:41:36', '2017-05-13 12:41:36'),
(125, 'Visit Create Page', 'categories', 'Success', '', 1, '2017-05-13 12:41:38', '2017-05-13 12:41:38'),
(126, 'Create', 'categories', 'Success', '{"New id":[4]}', 1, '2017-05-13 12:41:53', '2017-05-13 12:41:53'),
(127, 'Visit Create Page', 'categories', 'Success', '', 1, '2017-05-13 12:41:56', '2017-05-13 12:41:56'),
(128, 'Create', 'categories', 'Success', '{"New id":[5]}', 1, '2017-05-13 12:42:08', '2017-05-13 12:42:08'),
(129, 'Visit Create Page', 'product', 'Success', '', 1, '2017-05-13 12:42:14', '2017-05-13 12:42:14'),
(130, 'Visit Create Page', 'product', 'Success', '', 1, '2017-05-13 13:38:22', '2017-05-13 13:38:22'),
(131, 'Visit Edit Page', 'categories', 'Success', '{"Edit Id":["5"]}', 1, '2017-05-13 13:38:47', '2017-05-13 13:38:47'),
(132, 'Visit Edit Page', 'categories', 'Success', '{"Edit Id":["favicon.ico"]}', 1, '2017-05-13 13:38:48', '2017-05-13 13:38:48'),
(133, 'Visit Create Page', 'product', 'Success', '', 1, '2017-05-13 13:39:21', '2017-05-13 13:39:21'),
(134, 'Visit Create Page', 'product', 'Success', '', 1, '2017-05-13 13:39:46', '2017-05-13 13:39:46'),
(135, 'Visit Create Page', 'product', 'Success', '', 1, '2017-05-13 13:41:05', '2017-05-13 13:41:05'),
(136, 'Visit Create Page', 'product', 'Success', '', 1, '2017-05-13 13:45:01', '2017-05-13 13:45:01'),
(137, 'Visit Create Page', 'product', 'Success', '', 1, '2017-05-13 13:45:22', '2017-05-13 13:45:22'),
(138, 'Visit Create Page', 'product', 'Success', '', 1, '2017-05-13 13:45:28', '2017-05-13 13:45:28'),
(139, 'Visit Create Page', 'product', 'Success', '', 1, '2017-05-13 13:47:57', '2017-05-13 13:47:57'),
(140, 'Create', 'product', 'Error', '{"status":["The status field is required."]}', 1, '2017-05-13 13:48:57', '2017-05-13 13:48:57'),
(141, 'Visit Create Page', 'product', 'Success', '', 1, '2017-05-13 13:48:57', '2017-05-13 13:48:57'),
(142, 'Visit Create Page', 'product', 'Success', '', 1, '2017-05-13 13:49:19', '2017-05-13 13:49:19'),
(143, 'Create', 'product', 'Success', '{"New id":[1]}', 1, '2017-05-13 13:49:46', '2017-05-13 13:49:46'),
(144, 'Visit Edit Page', 'product', 'Success', '{"Edit Id":["1"]}', 1, '2017-05-13 13:49:50', '2017-05-13 13:49:50'),
(145, 'Visit Edit Page', 'product', 'Success', '{"Edit Id":["1"]}', 1, '2017-05-13 13:49:55', '2017-05-13 13:49:55'),
(146, 'Visit Edit Page', 'product', 'Success', '{"Edit Id":["favicon.ico"]}', 1, '2017-05-13 13:49:56', '2017-05-13 13:49:56'),
(147, 'Visit Edit Page', 'product', 'Success', '{"Edit Id":["1"]}', 1, '2017-05-13 13:50:48', '2017-05-13 13:50:48'),
(148, 'Visit Edit Page', 'product', 'Success', '{"Edit Id":["favicon.ico"]}', 1, '2017-05-13 13:50:50', '2017-05-13 13:50:50'),
(149, 'Update', 'product', 'Success', '{"Updated id":["1"]}', 1, '2017-05-13 13:50:58', '2017-05-13 13:50:58'),
(150, 'Visit Edit Page', 'product', 'Success', '{"Edit Id":["1"]}', 1, '2017-05-13 13:51:02', '2017-05-13 13:51:02'),
(151, 'Visit Edit Page', 'product', 'Success', '{"Edit Id":["favicon.ico"]}', 1, '2017-05-13 13:51:03', '2017-05-13 13:51:03'),
(152, 'Update', 'product', 'Success', '{"Updated id":["1"]}', 1, '2017-05-13 13:55:00', '2017-05-13 13:55:00'),
(153, 'Visit Edit Page', 'product', 'Success', '{"Edit Id":["1"]}', 1, '2017-05-13 13:55:03', '2017-05-13 13:55:03'),
(154, 'Visit Edit Page', 'product', 'Success', '{"Edit Id":["favicon.ico"]}', 1, '2017-05-13 13:55:04', '2017-05-13 13:55:04'),
(155, 'Visit Edit Page', 'product', 'Success', '{"Edit Id":["1"]}', 1, '2017-05-13 14:02:43', '2017-05-13 14:02:43'),
(156, 'Visit Edit Page', 'product', 'Success', '{"Edit Id":["favicon.ico"]}', 1, '2017-05-13 14:02:55', '2017-05-13 14:02:55'),
(157, 'Visit Edit Page', 'product', 'Success', '{"Edit Id":["1"]}', 1, '2017-05-13 14:03:48', '2017-05-13 14:03:48'),
(158, 'Visit Edit Page', 'product', 'Success', '{"Edit Id":["favicon.ico"]}', 1, '2017-05-13 14:03:50', '2017-05-13 14:03:50'),
(159, 'Visit Edit Page', 'product', 'Success', '{"Edit Id":["1"]}', 1, '2017-05-13 14:05:05', '2017-05-13 14:05:05'),
(160, 'Visit Edit Page', 'product', 'Success', '{"Edit Id":["favicon.ico"]}', 1, '2017-05-13 14:05:07', '2017-05-13 14:05:07'),
(161, 'Visit Edit Page', 'product', 'Success', '{"Edit Id":["1"]}', 1, '2017-05-13 14:05:26', '2017-05-13 14:05:26'),
(162, 'Visit Edit Page', 'product', 'Success', '{"Edit Id":["favicon.ico"]}', 1, '2017-05-13 14:05:28', '2017-05-13 14:05:28'),
(163, 'Visit Edit Page', 'product', 'Success', '{"Edit Id":["1"]}', 1, '2017-05-13 14:07:00', '2017-05-13 14:07:00'),
(164, 'Visit Edit Page', 'product', 'Success', '{"Edit Id":["favicon.ico"]}', 1, '2017-05-13 14:07:02', '2017-05-13 14:07:02'),
(165, 'Visit Edit Page', 'product', 'Success', '{"Edit Id":["1"]}', 1, '2017-05-13 14:11:47', '2017-05-13 14:11:47'),
(166, 'Visit Edit Page', 'product', 'Success', '{"Edit Id":["favicon.ico"]}', 1, '2017-05-13 14:11:49', '2017-05-13 14:11:49'),
(167, 'Visit Edit Page', 'product', 'Success', '{"Edit Id":["1"]}', 1, '2017-05-13 14:14:16', '2017-05-13 14:14:16'),
(168, 'Visit Edit Page', 'product', 'Success', '{"Edit Id":["favicon.ico"]}', 1, '2017-05-13 14:14:18', '2017-05-13 14:14:18'),
(169, 'Visit Edit Page', 'product', 'Success', '{"Edit Id":["1"]}', 1, '2017-05-13 14:14:53', '2017-05-13 14:14:53'),
(170, 'Visit Edit Page', 'product', 'Success', '{"Edit Id":["1"]}', 1, '2017-05-13 14:15:05', '2017-05-13 14:15:05'),
(171, 'Visit Edit Page', 'product', 'Success', '{"Edit Id":["favicon.ico"]}', 1, '2017-05-13 14:15:07', '2017-05-13 14:15:07'),
(172, 'Visit Edit Page', 'product', 'Success', '{"Edit Id":["1"]}', 1, '2017-05-13 14:19:32', '2017-05-13 14:19:32'),
(173, 'Visit Edit Page', 'product', 'Success', '{"Edit Id":["favicon.ico"]}', 1, '2017-05-13 14:19:33', '2017-05-13 14:19:33'),
(174, 'Visit Edit Page', 'product', 'Success', '{"Edit Id":["1"]}', 1, '2017-05-13 14:20:07', '2017-05-13 14:20:07'),
(175, 'Visit Edit Page', 'product', 'Success', '{"Edit Id":["favicon.ico"]}', 1, '2017-05-13 14:20:09', '2017-05-13 14:20:09'),
(176, 'Visit Edit Page', 'product', 'Success', '{"Edit Id":["1"]}', 1, '2017-05-13 14:30:16', '2017-05-13 14:30:16'),
(177, 'Visit Edit Page', 'product', 'Success', '{"Edit Id":["favicon.ico"]}', 1, '2017-05-13 14:30:18', '2017-05-13 14:30:18'),
(178, 'Visit Edit Page', 'product', 'Success', '{"Edit Id":["1"]}', 1, '2017-05-13 14:37:45', '2017-05-13 14:37:45'),
(179, 'Visit Edit Page', 'product', 'Success', '{"Edit Id":["favicon.ico"]}', 1, '2017-05-13 14:37:47', '2017-05-13 14:37:47'),
(180, 'Visit Edit Page', 'product', 'Success', '{"Edit Id":["1"]}', 1, '2017-05-13 14:50:56', '2017-05-13 14:50:56'),
(181, 'Visit Edit Page', 'product', 'Success', '{"Edit Id":["favicon.ico"]}', 1, '2017-05-13 14:50:58', '2017-05-13 14:50:58'),
(182, 'Visit Edit Page', 'product', 'Success', '{"Edit Id":["1"]}', 1, '2017-05-13 14:53:25', '2017-05-13 14:53:25'),
(183, 'Visit Edit Page', 'product', 'Success', '{"Edit Id":["favicon.ico"]}', 1, '2017-05-13 14:53:27', '2017-05-13 14:53:27'),
(184, 'Visit Edit Page', 'product', 'Success', '{"Edit Id":["1"]}', 1, '2017-05-13 14:54:40', '2017-05-13 14:54:40'),
(185, 'Visit Edit Page', 'product', 'Success', '{"Edit Id":["favicon.ico"]}', 1, '2017-05-13 14:54:42', '2017-05-13 14:54:42'),
(186, 'Visit Edit Page', 'product', 'Success', '{"Edit Id":["1"]}', 1, '2017-05-13 14:54:54', '2017-05-13 14:54:54'),
(187, 'Visit Edit Page', 'product', 'Success', '{"Edit Id":["favicon.ico"]}', 1, '2017-05-13 14:54:56', '2017-05-13 14:54:56'),
(188, 'Visit Edit Page', 'product', 'Success', '{"Edit Id":["1"]}', 1, '2017-05-13 14:57:04', '2017-05-13 14:57:04'),
(189, 'Visit Edit Page', 'product', 'Success', '{"Edit Id":["favicon.ico"]}', 1, '2017-05-13 14:57:05', '2017-05-13 14:57:05'),
(190, 'Visit Edit Page', 'product', 'Success', '{"Edit Id":["1"]}', 1, '2017-05-13 14:59:38', '2017-05-13 14:59:38'),
(191, 'Visit Edit Page', 'product', 'Success', '{"Edit Id":["1"]}', 1, '2017-05-13 15:00:05', '2017-05-13 15:00:05'),
(192, 'Visit Edit Page', 'users', 'Success', '{"Edit Id":["2"]}', 1, '2017-05-13 15:00:31', '2017-05-13 15:00:31'),
(193, 'Visit Edit Page', 'users', 'Success', '{"Edit Id":["favicon.ico"]}', 1, '2017-05-13 15:00:33', '2017-05-13 15:00:33'),
(194, 'Visit Edit Page', 'product', 'Success', '{"Edit Id":["1"]}', 1, '2017-05-13 15:00:54', '2017-05-13 15:00:54'),
(195, 'Visit Edit Page', 'users', 'Success', '{"Edit Id":["admin"]}', 1, '2017-05-13 15:01:01', '2017-05-13 15:01:01'),
(196, 'Visit Edit Page', 'users', 'Success', '{"Edit Id":["favicon.ico"]}', 1, '2017-05-13 15:01:02', '2017-05-13 15:01:02'),
(197, 'Visit Edit Page', 'product', 'Success', '{"Edit Id":["1"]}', 1, '2017-05-13 15:01:14', '2017-05-13 15:01:14'),
(198, 'Visit Edit Page', 'users', 'Success', '{"Edit Id":["1"]}', 1, '2017-05-13 15:01:17', '2017-05-13 15:01:17'),
(199, 'Visit Edit Page', 'users', 'Success', '{"Edit Id":["favicon.ico"]}', 1, '2017-05-13 15:01:19', '2017-05-13 15:01:19'),
(200, 'Visit Create Page', 'product', 'Success', '', 1, '2017-05-13 15:01:28', '2017-05-13 15:01:28'),
(201, 'Create', 'product', 'Success', '{"New id":[2]}', 1, '2017-05-13 15:02:04', '2017-05-13 15:02:04'),
(202, 'Visit Edit Page', 'product', 'Success', '{"Edit Id":["2"]}', 1, '2017-05-13 15:02:09', '2017-05-13 15:02:09'),
(203, 'Visit Create Page', 'product', 'Success', '', 1, '2017-05-13 15:14:39', '2017-05-13 15:14:39'),
(204, 'Visit Create Page', 'product', 'Success', '', 1, '2017-05-13 15:21:21', '2017-05-13 15:21:21'),
(205, 'Visit Create Page', 'product', 'Success', '', 1, '2017-05-13 15:24:13', '2017-05-13 15:24:13'),
(206, 'Visit Create Page', 'product', 'Success', '', 1, '2017-05-13 15:26:10', '2017-05-13 15:26:10'),
(207, 'Visit Create Page', 'product', 'Success', '', 1, '2017-05-13 15:28:53', '2017-05-13 15:28:53'),
(208, 'Visit Create Page', 'product', 'Success', '', 1, '2017-05-13 15:33:41', '2017-05-13 15:33:41'),
(209, 'Visit Create Page', 'product', 'Success', '', 1, '2017-05-13 15:34:28', '2017-05-13 15:34:28'),
(210, 'Visit Create Page', 'product', 'Success', '', 1, '2017-05-13 15:36:03', '2017-05-13 15:36:03'),
(211, 'Visit Create Page', 'product', 'Success', '', 1, '2017-05-13 15:36:52', '2017-05-13 15:36:52'),
(212, 'Visit Create Page', 'product', 'Success', '', 1, '2017-05-13 15:38:27', '2017-05-13 15:38:27'),
(213, 'Visit Create Page', 'product', 'Success', '', 1, '2017-05-13 15:40:02', '2017-05-13 15:40:02'),
(214, 'Visit Create Page', 'product', 'Success', '', 1, '2017-05-13 15:41:21', '2017-05-13 15:41:21'),
(215, 'Visit Create Page', 'product', 'Success', '', 1, '2017-05-13 15:42:43', '2017-05-13 15:42:43'),
(216, 'Visit Create Page', 'product', 'Success', '', 1, '2017-05-13 15:43:10', '2017-05-13 15:43:10'),
(217, 'Visit Create Page', 'product', 'Success', '', 1, '2017-05-13 15:44:39', '2017-05-13 15:44:39'),
(218, 'Visit Create Page', 'product', 'Success', '', 1, '2017-05-13 15:45:20', '2017-05-13 15:45:20'),
(219, 'Visit Create Page', 'product', 'Success', '', 1, '2017-05-13 15:51:18', '2017-05-13 15:51:18'),
(220, 'Visit Create Page', 'product', 'Success', '', 1, '2017-05-13 15:53:48', '2017-05-13 15:53:48'),
(221, 'Visit Create Page', 'product', 'Success', '', 1, '2017-05-13 15:54:25', '2017-05-13 15:54:25'),
(222, 'Visit Create Page', 'product', 'Success', '', 1, '2017-05-13 15:55:45', '2017-05-13 15:55:45'),
(223, 'Visit Create Page', 'product', 'Success', '', 1, '2017-05-13 15:56:27', '2017-05-13 15:56:27'),
(224, 'Visit Create Page', 'product', 'Success', '', 1, '2017-05-13 15:57:52', '2017-05-13 15:57:52'),
(225, 'Visit Create Page', 'product', 'Success', '', 1, '2017-05-13 15:59:30', '2017-05-13 15:59:30'),
(226, 'Visit Create Page', 'product', 'Success', '', 1, '2017-05-13 16:01:09', '2017-05-13 16:01:09'),
(227, 'Visit Create Page', 'product', 'Success', '', 1, '2017-05-13 16:03:13', '2017-05-13 16:03:13'),
(228, 'Visit Create Page', 'product', 'Success', '', 1, '2017-05-13 16:05:30', '2017-05-13 16:05:30'),
(229, 'Visit Create Page', 'product', 'Success', '', 1, '2017-05-13 16:06:54', '2017-05-13 16:06:54'),
(230, 'Visit Create Page', 'product', 'Success', '', 1, '2017-05-13 16:11:54', '2017-05-13 16:11:54'),
(231, 'Visit Create Page', 'product', 'Success', '', 1, '2017-05-13 16:12:14', '2017-05-13 16:12:14'),
(232, 'Visit Create Page', 'product', 'Success', '', 1, '2017-05-13 16:37:04', '2017-05-13 16:37:04'),
(233, 'Visit Create Page', 'product', 'Success', '', 1, '2017-05-13 16:37:59', '2017-05-13 16:37:59'),
(234, 'Visit Create Page', 'product', 'Success', '', 1, '2017-05-13 16:39:01', '2017-05-13 16:39:01'),
(235, 'Visit Create Page', 'product', 'Success', '', 1, '2017-05-13 16:40:29', '2017-05-13 16:40:29'),
(236, 'Visit Create Page', 'product', 'Success', '', 1, '2017-05-13 16:41:22', '2017-05-13 16:41:22'),
(237, 'Visit Create Page', 'state', 'Success', '', 1, '2017-05-13 16:41:37', '2017-05-13 16:41:37'),
(238, 'Create', 'state', 'Success', '{"New id":[2]}', 1, '2017-05-13 16:41:55', '2017-05-13 16:41:55'),
(239, 'Visit Create Page', 'state', 'Success', '', 1, '2017-05-13 16:41:59', '2017-05-13 16:41:59'),
(240, 'Create', 'state', 'Success', '{"New id":[3]}', 1, '2017-05-13 16:42:15', '2017-05-13 16:42:15'),
(241, 'Visit Create Page', 'product', 'Success', '', 1, '2017-05-13 16:42:25', '2017-05-13 16:42:25'),
(242, 'Visit Edit Page', 'product', 'Success', '{"Edit Id":["2"]}', 1, '2017-05-13 16:44:57', '2017-05-13 16:44:57'),
(243, 'Visit Edit Page', 'product', 'Success', '{"Edit Id":["2"]}', 1, '2017-05-13 16:45:36', '2017-05-13 16:45:36'),
(244, 'Visit Create Page', 'product', 'Success', '', 1, '2017-05-13 16:45:51', '2017-05-13 16:45:51'),
(245, 'Visit Edit Page', 'product', 'Success', '{"Edit Id":["2"]}', 1, '2017-05-13 16:46:10', '2017-05-13 16:46:10'),
(246, 'Visit Edit Page', 'product', 'Success', '{"Edit Id":["2"]}', 1, '2017-05-13 16:46:28', '2017-05-13 16:46:28'),
(247, 'Update', 'product', 'Error', '{"user_id":["The user id field is required."]}', 1, '2017-05-13 16:46:33', '2017-05-13 16:46:33'),
(248, 'Visit Edit Page', 'product', 'Success', '{"Edit Id":["2"]}', 1, '2017-05-13 16:46:33', '2017-05-13 16:46:33'),
(249, 'Update', 'product', 'Success', '{"Updated id":["2"]}', 1, '2017-05-13 16:47:04', '2017-05-13 16:47:04'),
(250, 'Visit Edit Page', 'product', 'Success', '{"Edit Id":["2"]}', 1, '2017-05-13 16:47:09', '2017-05-13 16:47:09'),
(251, 'Update', 'product', 'Error', '{"state_id":["The state id field is required."]}', 1, '2017-05-13 16:47:23', '2017-05-13 16:47:23'),
(252, 'Visit Edit Page', 'product', 'Success', '{"Edit Id":["2"]}', 1, '2017-05-13 16:47:23', '2017-05-13 16:47:23'),
(253, 'Visit Edit Page', 'menu', 'Success', '{"Edit Id":["1"]}', 1, '2017-05-13 18:36:47', '2017-05-13 18:36:47'),
(254, 'Visit Edit Page', 'menu', 'Success', '{"Edit Id":["1"]}', 1, '2017-05-13 18:37:06', '2017-05-13 18:37:06'),
(255, 'Visit Create Page', 'permissions', 'Success', '', 1, '2017-05-13 18:37:32', '2017-05-13 18:37:32'),
(256, 'Create', 'permissions', 'Success', '{"New id":[13]}', 1, '2017-05-13 18:37:50', '2017-05-13 18:37:50'),
(257, 'Visit Edit Page', 'groups', 'Success', '{"Edit Id":["1"]}', 1, '2017-05-13 18:37:58', '2017-05-13 18:37:58'),
(258, 'Visit Edit Page', 'groups', 'Success', '{"Edit Id":["favicon.ico"]}', 1, '2017-05-13 18:37:59', '2017-05-13 18:37:59'),
(259, 'Update', 'groups', 'Success', '{"Updated id":["1"]}', 1, '2017-05-13 18:38:03', '2017-05-13 18:38:03'),
(260, 'Visit Create Page', 'contact', 'Success', '', 1, '2017-05-13 18:38:10', '2017-05-13 18:38:10'),
(261, 'Create', 'contact', 'Success', '{"New id":[1]}', 1, '2017-05-13 18:38:58', '2017-05-13 18:38:58'),
(262, 'Visit Edit Page', 'contact', 'Success', '{"Edit Id":["1"]}', 1, '2017-05-13 18:39:02', '2017-05-13 18:39:02'),
(263, 'Visit Edit Page', 'contact', 'Success', '{"Edit Id":["favicon.ico"]}', 1, '2017-05-13 18:39:04', '2017-05-13 18:39:04'),
(264, 'Visit Edit Page', 'contact', 'Success', '{"Edit Id":["1"]}', 1, '2017-05-13 18:39:08', '2017-05-13 18:39:08'),
(265, 'Visit Edit Page', 'contact', 'Success', '{"Edit Id":["1"]}', 1, '2017-05-13 18:39:30', '2017-05-13 18:39:30'),
(266, 'Delete', 'contact', 'Success', '{"Updated id":["1"]}', 1, '2017-05-13 18:39:35', '2017-05-13 18:39:35'),
(267, 'Visit Edit Page', 'menu', 'Success', '{"Edit Id":["1"]}', 1, '2017-05-13 18:40:26', '2017-05-13 18:40:26'),
(268, 'Visit Edit Page', 'menu', 'Success', '{"Edit Id":["1"]}', 1, '2017-05-13 18:41:07', '2017-05-13 18:41:07'),
(269, 'Visit Edit Page', 'menu', 'Success', '{"Edit Id":["1"]}', 1, '2017-05-13 18:41:25', '2017-05-13 18:41:25'),
(270, 'Visit Create Page', 'groups', 'Success', '', 1, '2017-05-13 18:44:30', '2017-05-13 18:44:30'),
(271, 'Create', 'groups', 'Success', '{"New id":[3]}', 1, '2017-05-13 18:44:58', '2017-05-13 18:44:58'),
(272, 'Visit Create Page', 'permissions', 'Success', '', 1, '2017-05-13 18:45:10', '2017-05-13 18:45:10'),
(273, 'Create', 'permissions', 'Success', '{"New id":[14]}', 1, '2017-05-13 18:46:06', '2017-05-13 18:46:06'),
(274, 'Visit Edit Page', 'groups', 'Success', '{"Edit Id":["3"]}', 1, '2017-05-13 18:46:16', '2017-05-13 18:46:16'),
(275, 'Visit Edit Page', 'groups', 'Success', '{"Edit Id":["favicon.ico"]}', 1, '2017-05-13 18:46:17', '2017-05-13 18:46:17'),
(276, 'Update', 'groups', 'Success', '{"Updated id":["3"]}', 1, '2017-05-13 18:46:40', '2017-05-13 18:46:40'),
(277, 'Visit Edit Page', 'users', 'Success', '{"Edit Id":["1"]}', 1, '2017-05-13 18:46:53', '2017-05-13 18:46:53'),
(278, 'Visit Edit Page', 'users', 'Success', '{"Edit Id":["favicon.ico"]}', 1, '2017-05-13 18:46:54', '2017-05-13 18:46:54'),
(279, 'Update', 'users', 'Success', '{"Updated id":["1"]}', 1, '2017-05-13 18:46:58', '2017-05-13 18:46:58'),
(280, 'Delete', 'permissions', 'Success', '{"Updated id":["14"]}', 1, '2017-05-13 18:49:09', '2017-05-13 18:49:09'),
(281, 'Delete', 'groups', 'Success', '{"Updated id":["3"]}', 1, '2017-05-13 18:49:21', '2017-05-13 18:49:21'),
(282, 'Visit Create Page', 'groups', 'Success', '', 1, '2017-05-13 18:50:29', '2017-05-13 18:50:29'),
(283, 'Create', 'groups', 'Success', '{"New id":[4]}', 1, '2017-05-13 18:51:18', '2017-05-13 18:51:18'),
(284, 'Visit Create Page', 'permissions', 'Success', '', 1, '2017-05-13 18:51:43', '2017-05-13 18:51:43'),
(285, 'Create', 'permissions', 'Success', '{"New id":[15]}', 1, '2017-05-13 18:52:48', '2017-05-13 18:52:48'),
(286, 'Visit Edit Page', 'groups', 'Success', '{"Edit Id":["4"]}', 1, '2017-05-13 18:52:59', '2017-05-13 18:52:59'),
(287, 'Visit Edit Page', 'groups', 'Success', '{"Edit Id":["favicon.ico"]}', 1, '2017-05-13 18:53:01', '2017-05-13 18:53:01'),
(288, 'Update', 'groups', 'Success', '{"Updated id":["4"]}', 1, '2017-05-13 18:53:10', '2017-05-13 18:53:10'),
(289, 'Visit Edit Page', 'users', 'Success', '{"Edit Id":["1"]}', 1, '2017-05-13 18:53:19', '2017-05-13 18:53:19'),
(290, 'Visit Edit Page', 'users', 'Success', '{"Edit Id":["favicon.ico"]}', 1, '2017-05-13 18:53:21', '2017-05-13 18:53:21'),
(291, 'Update', 'users', 'Success', '{"Updated id":["1"]}', 1, '2017-05-13 18:53:30', '2017-05-13 18:53:30'),
(292, 'Visit Edit Page', 'groups', 'Success', '{"Edit Id":["4"]}', 1, '2017-05-13 18:55:06', '2017-05-13 18:55:06'),
(293, 'Visit Edit Page', 'groups', 'Success', '{"Edit Id":["favicon.ico"]}', 1, '2017-05-13 18:55:08', '2017-05-13 18:55:08'),
(294, 'Update', 'groups', 'Success', '{"Updated id":["4"]}', 1, '2017-05-13 18:55:19', '2017-05-13 18:55:19'),
(295, 'Visit Edit Page', 'users', 'Success', '{"Edit Id":["1"]}', 1, '2017-05-13 18:55:39', '2017-05-13 18:55:39'),
(296, 'Visit Edit Page', 'users', 'Success', '{"Edit Id":["favicon.ico"]}', 1, '2017-05-13 18:55:41', '2017-05-13 18:55:41'),
(297, 'Update', 'users', 'Success', '{"Updated id":["1"]}', 1, '2017-05-13 18:55:46', '2017-05-13 18:55:46'),
(298, 'Visit Edit Page', 'product', 'Success', '{"Edit Id":["1"]}', 1, '2017-05-13 18:56:04', '2017-05-13 18:56:04'),
(299, 'Visit Edit Page', 'product', 'Success', '{"Edit Id":["1"]}', 1, '2017-05-13 18:56:08', '2017-05-13 18:56:08'),
(300, 'Visit Edit Page', 'users', 'Success', '{"Edit Id":["1"]}', 1, '2017-05-13 18:56:37', '2017-05-13 18:56:37'),
(301, 'Visit Edit Page', 'users', 'Success', '{"Edit Id":["favicon.ico"]}', 1, '2017-05-13 18:56:39', '2017-05-13 18:56:39'),
(302, 'Update', 'users', 'Success', '{"Updated id":["1"]}', 1, '2017-05-13 18:56:43', '2017-05-13 18:56:43'),
(303, 'Visit Edit Page', 'groups', 'Success', '{"Edit Id":["4"]}', 1, '2017-05-13 18:57:10', '2017-05-13 18:57:10'),
(304, 'Visit Edit Page', 'groups', 'Success', '{"Edit Id":["favicon.ico"]}', 1, '2017-05-13 18:57:11', '2017-05-13 18:57:11'),
(305, 'Update', 'groups', 'Success', '{"Updated id":["4"]}', 1, '2017-05-13 18:57:17', '2017-05-13 18:57:17'),
(306, 'Visit Edit Page', 'users', 'Success', '{"Edit Id":["1"]}', 1, '2017-05-13 18:57:27', '2017-05-13 18:57:27'),
(307, 'Visit Edit Page', 'users', 'Success', '{"Edit Id":["favicon.ico"]}', 1, '2017-05-13 18:57:28', '2017-05-13 18:57:28'),
(308, 'Update', 'users', 'Success', '{"Updated id":["1"]}', 1, '2017-05-13 18:57:33', '2017-05-13 18:57:33'),
(309, 'Visit Edit Page', 'product', 'Success', '{"Edit Id":["2"]}', 1, '2017-05-13 19:02:48', '2017-05-13 19:02:48'),
(310, 'Delete', 'groups', 'Success', '{"Updated id":["4"]}', 1, '2017-05-13 19:04:40', '2017-05-13 19:04:40'),
(311, 'Delete', 'permissions', 'Success', '{"Updated id":["15"]}', 1, '2017-05-13 19:04:49', '2017-05-13 19:04:49'),
(312, 'Visit Create Page', 'permissions', 'Success', '', 1, '2017-05-13 19:06:00', '2017-05-13 19:06:00'),
(313, 'Create', 'permissions', 'Success', '{"New id":[16]}', 1, '2017-05-13 19:07:13', '2017-05-13 19:07:13'),
(314, 'Visit Create Page', 'groups', 'Success', '', 1, '2017-05-13 19:07:29', '2017-05-13 19:07:29'),
(315, 'Delete', 'permissions', 'Success', '{"Updated id":["16"]}', 1, '2017-05-13 19:08:23', '2017-05-13 19:08:23'),
(316, 'Visit Create Page', 'permissions', 'Success', '', 1, '2017-05-13 19:11:18', '2017-05-13 19:11:18'),
(317, 'Create', 'permissions', 'Success', '{"New id":[17]}', 1, '2017-05-13 19:12:41', '2017-05-13 19:12:41'),
(318, 'Visit Create Page', 'groups', 'Success', '', 1, '2017-05-13 19:12:56', '2017-05-13 19:12:56'),
(319, 'Create', 'groups', 'Success', '{"New id":[5]}', 1, '2017-05-13 19:13:18', '2017-05-13 19:13:18'),
(320, 'Visit Edit Page', 'groups', 'Success', '{"Edit Id":["5"]}', 1, '2017-05-13 19:13:23', '2017-05-13 19:13:23'),
(321, 'Visit Edit Page', 'groups', 'Success', '{"Edit Id":["favicon.ico"]}', 1, '2017-05-13 19:13:24', '2017-05-13 19:13:24'),
(322, 'Visit Edit Page', 'users', 'Success', '{"Edit Id":["1"]}', 1, '2017-05-13 19:13:35', '2017-05-13 19:13:35'),
(323, 'Visit Edit Page', 'users', 'Success', '{"Edit Id":["favicon.ico"]}', 1, '2017-05-13 19:13:36', '2017-05-13 19:13:36'),
(324, 'Update', 'users', 'Success', '{"Updated id":["1"]}', 1, '2017-05-13 19:13:41', '2017-05-13 19:13:41'),
(325, 'Visit Edit Page', 'product', 'Success', '{"Edit Id":["2"]}', 1, '2017-05-13 19:15:36', '2017-05-13 19:15:36'),
(326, 'Visit Edit Page', 'product', 'Success', '{"Edit Id":["2"]}', 1, '2017-05-13 19:16:12', '2017-05-13 19:16:12'),
(327, 'Visit Edit Page', 'product', 'Success', '{"Edit Id":["2"]}', 1, '2017-05-13 19:16:18', '2017-05-13 19:16:18'),
(328, 'Update', 'product', 'Success', '{"Updated id":["2"]}', 1, '2017-05-13 19:16:30', '2017-05-13 19:16:30'),
(329, 'Visit Edit Page', 'product', 'Success', '{"Edit Id":["2"]}', 1, '2017-05-13 19:16:34', '2017-05-13 19:16:34'),
(330, 'Visit Edit Page', 'product', 'Success', '{"Edit Id":["2"]}', 1, '2017-05-13 19:17:37', '2017-05-13 19:17:37'),
(331, 'Visit Edit Page', 'product', 'Success', '{"Edit Id":["2"]}', 1, '2017-05-13 19:17:58', '2017-05-13 19:17:58'),
(332, 'Visit Edit Page', 'product', 'Success', '{"Edit Id":["2"]}', 1, '2017-05-13 19:18:05', '2017-05-13 19:18:05'),
(333, 'Visit Edit Page', 'product', 'Success', '{"Edit Id":["2"]}', 1, '2017-05-13 19:18:17', '2017-05-13 19:18:17'),
(334, 'Visit Edit Page', 'product', 'Success', '{"Edit Id":["2"]}', 1, '2017-05-13 19:19:17', '2017-05-13 19:19:17'),
(335, 'Visit Edit Page', 'product', 'Success', '{"Edit Id":["2"]}', 1, '2017-05-13 19:22:59', '2017-05-13 19:22:59'),
(336, 'Visit Edit Page', 'product', 'Success', '{"Edit Id":["2"]}', 1, '2017-05-13 19:29:37', '2017-05-13 19:29:37'),
(337, 'Visit Edit Page', 'product', 'Success', '{"Edit Id":["2"]}', 1, '2017-05-18 23:05:15', '2017-05-18 23:05:15'),
(338, 'Visit Edit Page', 'product', 'Success', '{"Edit Id":["2"]}', 1, '2017-05-18 23:05:20', '2017-05-18 23:05:20'),
(339, 'Visit Edit Page', 'country', 'Success', '{"Edit Id":["7"]}', 1, '2017-05-18 23:07:08', '2017-05-18 23:07:08'),
(340, 'Visit Edit Page', 'country', 'Success', '{"Edit Id":["favicon.ico"]}', 1, '2017-05-18 23:07:09', '2017-05-18 23:07:09'),
(341, 'Visit Edit Page', 'country', 'Success', '{"Edit Id":["7"]}', 1, '2017-05-19 08:31:55', '2017-05-19 08:31:55'),
(342, 'Visit Edit Page', 'country', 'Success', '{"Edit Id":["favicon.ico"]}', 1, '2017-05-19 08:31:56', '2017-05-19 08:31:56'),
(343, 'Visit Edit Page', 'country', 'Success', '{"Edit Id":["7"]}', 1, '2017-05-19 08:38:45', '2017-05-19 08:38:45'),
(344, 'Visit Edit Page', 'country', 'Success', '{"Edit Id":["favicon.ico"]}', 1, '2017-05-19 08:38:46', '2017-05-19 08:38:46'),
(345, 'Update', 'country', 'Success', '{"Updated id":["7"]}', 1, '2017-05-19 08:39:02', '2017-05-19 08:39:02'),
(346, 'Visit Edit Page', 'country', 'Success', '{"Edit Id":["6"]}', 1, '2017-05-19 08:39:06', '2017-05-19 08:39:06'),
(347, 'Visit Edit Page', 'country', 'Success', '{"Edit Id":["favicon.ico"]}', 1, '2017-05-19 08:39:07', '2017-05-19 08:39:07'),
(348, 'Update', 'country', 'Success', '{"Updated id":["6"]}', 1, '2017-05-19 08:39:12', '2017-05-19 08:39:12'),
(349, 'Visit Edit Page', 'country', 'Success', '{"Edit Id":["5"]}', 1, '2017-05-19 08:39:16', '2017-05-19 08:39:16'),
(350, 'Visit Edit Page', 'country', 'Success', '{"Edit Id":["favicon.ico"]}', 1, '2017-05-19 08:39:17', '2017-05-19 08:39:17'),
(351, 'Update', 'country', 'Success', '{"Updated id":["5"]}', 1, '2017-05-19 08:39:43', '2017-05-19 08:39:43'),
(352, 'Visit Edit Page', 'country', 'Success', '{"Edit Id":["4"]}', 1, '2017-05-19 08:39:47', '2017-05-19 08:39:47'),
(353, 'Visit Edit Page', 'country', 'Success', '{"Edit Id":["favicon.ico"]}', 1, '2017-05-19 08:39:48', '2017-05-19 08:39:48'),
(354, 'Update', 'country', 'Success', '{"Updated id":["4"]}', 1, '2017-05-19 08:39:55', '2017-05-19 08:39:55'),
(355, 'Visit Edit Page', 'country', 'Success', '{"Edit Id":["3"]}', 1, '2017-05-19 08:39:59', '2017-05-19 08:39:59'),
(356, 'Visit Edit Page', 'country', 'Success', '{"Edit Id":["favicon.ico"]}', 1, '2017-05-19 08:40:00', '2017-05-19 08:40:00'),
(357, 'Update', 'country', 'Success', '{"Updated id":["3"]}', 1, '2017-05-19 08:40:05', '2017-05-19 08:40:05'),
(358, 'Visit Edit Page', 'country', 'Success', '{"Edit Id":["1"]}', 1, '2017-05-19 08:40:09', '2017-05-19 08:40:09'),
(359, 'Visit Edit Page', 'country', 'Success', '{"Edit Id":["favicon.ico"]}', 1, '2017-05-19 08:40:10', '2017-05-19 08:40:10'),
(360, 'Update', 'country', 'Success', '{"Updated id":["1"]}', 1, '2017-05-19 08:40:16', '2017-05-19 08:40:16'),
(361, 'Visit Edit Page', 'country', 'Success', '{"Edit Id":["1"]}', 1, '2017-05-19 08:40:19', '2017-05-19 08:40:19'),
(362, 'Visit Edit Page', 'country', 'Success', '{"Edit Id":["favicon.ico"]}', 1, '2017-05-19 08:40:21', '2017-05-19 08:40:21'),
(363, 'Visit Edit Page', 'country', 'Success', '{"Edit Id":["1"]}', 1, '2017-05-19 08:40:50', '2017-05-19 08:40:50'),
(364, 'Visit Edit Page', 'country', 'Success', '{"Edit Id":["favicon.ico"]}', 1, '2017-05-19 08:40:52', '2017-05-19 08:40:52'),
(365, 'Visit Edit Page', 'categories', 'Success', '{"Edit Id":["5"]}', 1, '2017-05-19 11:03:10', '2017-05-19 11:03:10'),
(366, 'Visit Edit Page', 'categories', 'Success', '{"Edit Id":["favicon.ico"]}', 1, '2017-05-19 11:03:11', '2017-05-19 11:03:11'),
(367, 'Update', 'categories', 'Success', '{"Updated id":["5"]}', 1, '2017-05-19 11:03:20', '2017-05-19 11:03:20'),
(368, 'Visit Edit Page', 'categories', 'Success', '{"Edit Id":["4"]}', 1, '2017-05-19 11:03:24', '2017-05-19 11:03:24'),
(369, 'Visit Edit Page', 'categories', 'Success', '{"Edit Id":["favicon.ico"]}', 1, '2017-05-19 11:03:25', '2017-05-19 11:03:25'),
(370, 'Update', 'categories', 'Success', '{"Updated id":["4"]}', 1, '2017-05-19 11:03:33', '2017-05-19 11:03:33'),
(371, 'Visit Edit Page', 'categories', 'Success', '{"Edit Id":["3"]}', 1, '2017-05-19 11:03:37', '2017-05-19 11:03:37'),
(372, 'Visit Edit Page', 'categories', 'Success', '{"Edit Id":["favicon.ico"]}', 1, '2017-05-19 11:03:38', '2017-05-19 11:03:38'),
(373, 'Update', 'categories', 'Success', '{"Updated id":["3"]}', 1, '2017-05-19 11:03:42', '2017-05-19 11:03:42'),
(374, 'Visit Edit Page', 'state', 'Success', '{"Edit Id":["3"]}', 1, '2017-05-19 20:43:12', '2017-05-19 20:43:12'),
(375, 'Visit Edit Page', 'state', 'Success', '{"Edit Id":["favicon.ico"]}', 1, '2017-05-19 20:43:14', '2017-05-19 20:43:14'),
(376, 'Update', 'state', 'Success', '{"Updated id":["3"]}', 1, '2017-05-19 20:43:23', '2017-05-19 20:43:23'),
(377, 'Visit Edit Page', 'state', 'Success', '{"Edit Id":["2"]}', 1, '2017-05-19 20:43:27', '2017-05-19 20:43:27'),
(378, 'Visit Edit Page', 'state', 'Success', '{"Edit Id":["favicon.ico"]}', 1, '2017-05-19 20:43:28', '2017-05-19 20:43:28'),
(379, 'Update', 'state', 'Success', '{"Updated id":["2"]}', 1, '2017-05-19 20:43:32', '2017-05-19 20:43:32'),
(380, 'Visit Edit Page', 'state', 'Success', '{"Edit Id":["1"]}', 1, '2017-05-19 20:43:36', '2017-05-19 20:43:36'),
(381, 'Visit Edit Page', 'state', 'Success', '{"Edit Id":["favicon.ico"]}', 1, '2017-05-19 20:43:37', '2017-05-19 20:43:37'),
(382, 'Update', 'state', 'Success', '{"Updated id":["1"]}', 1, '2017-05-19 20:43:44', '2017-05-19 20:43:44'),
(383, 'Visit Edit Page', 'categories', 'Success', '{"Edit Id":["5"]}', 1, '2017-05-19 20:44:26', '2017-05-19 20:44:26'),
(384, 'Visit Edit Page', 'categories', 'Success', '{"Edit Id":["favicon.ico"]}', 1, '2017-05-19 20:44:28', '2017-05-19 20:44:28'),
(385, 'Visit Edit Page', 'product', 'Success', '{"Edit Id":["4"]}', 1, '2017-05-19 21:19:20', '2017-05-19 21:19:20'),
(386, 'Update', 'product', 'Success', '{"Updated id":["4"]}', 1, '2017-05-19 21:19:55', '2017-05-19 21:19:55'),
(387, 'Visit Edit Page', 'product', 'Success', '{"Edit Id":["4"]}', 1, '2017-05-19 21:19:59', '2017-05-19 21:19:59'),
(388, 'Visit Edit Page', 'product', 'Success', '{"Edit Id":["4"]}', 1, '2017-05-19 21:20:37', '2017-05-19 21:20:37'),
(389, 'Visit Edit Page', 'product', 'Success', '{"Edit Id":["4"]}', 1, '2017-05-19 21:21:14', '2017-05-19 21:21:14'),
(390, 'Visit Edit Page', 'product', 'Success', '{"Edit Id":["4"]}', 1, '2017-05-19 21:21:27', '2017-05-19 21:21:27'),
(391, 'Visit Edit Page', 'product', 'Success', '{"Edit Id":["9"]}', 1, '2017-05-20 09:55:45', '2017-05-20 09:55:45'),
(392, 'Visit Edit Page', 'product', 'Success', '{"Edit Id":["10"]}', 1, '2017-05-20 10:02:21', '2017-05-20 10:02:21'),
(393, 'Update', 'product', 'Success', '{"Updated id":["10"]}', 1, '2017-05-20 10:02:38', '2017-05-20 10:02:38'),
(394, 'Visit Edit Page', 'product', 'Success', '{"Edit Id":["11"]}', 1, '2017-05-20 10:06:07', '2017-05-20 10:06:07'),
(395, 'Update', 'product', 'Success', '{"Updated id":["11"]}', 1, '2017-05-20 10:06:13', '2017-05-20 10:06:13'),
(396, 'Visit Edit Page', 'setting', 'Success', '{"Edit Id":["1"]}', 1, '2017-05-26 03:14:44', '2017-05-26 03:14:44'),
(397, 'Visit Edit Page', 'setting', 'Success', '{"Edit Id":["favicon.ico"]}', 1, '2017-05-26 03:14:45', '2017-05-26 03:14:45'),
(398, 'Update', 'setting', 'Success', '{"Updated id":["1"]}', 1, '2017-05-26 03:18:35', '2017-05-26 03:18:35'),
(399, 'Visit Edit Page', 'setting', 'Success', '{"Edit Id":["1"]}', 1, '2017-05-26 03:26:57', '2017-05-26 03:26:57'),
(400, 'Visit Edit Page', 'setting', 'Success', '{"Edit Id":["favicon.ico"]}', 1, '2017-05-26 03:26:59', '2017-05-26 03:26:59'),
(401, 'Visit Create Page', 'menu', 'Success', '', 1, '2017-05-26 03:29:18', '2017-05-26 03:29:18'),
(402, 'Create', 'menu', 'Success', '{"New id":[3]}', 1, '2017-05-26 03:29:25', '2017-05-26 03:29:25'),
(403, 'Visit Edit Page', 'menu', 'Success', '{"Edit Id":["3"]}', 1, '2017-05-26 03:29:29', '2017-05-26 03:29:29'),
(404, 'Visit Edit Page', 'menu', 'Success', '{"Edit Id":["3"]}', 1, '2017-05-26 03:29:54', '2017-05-26 03:29:54'),
(405, 'Visit Edit Page', 'menu', 'Success', '{"Edit Id":["3"]}', 1, '2017-05-26 03:30:14', '2017-05-26 03:30:14'),
(406, 'Visit Create Page', 'setting', 'Success', '', 1, '2017-05-26 03:36:24', '2017-05-26 03:36:24'),
(407, 'Create', 'setting', 'Success', '{"New id":[2]}', 1, '2017-05-26 03:36:48', '2017-05-26 03:36:48'),
(408, 'Visit Create Page', 'setting', 'Success', '', 1, '2017-05-26 03:36:54', '2017-05-26 03:36:54'),
(409, 'Create', 'setting', 'Success', '{"New id":[3]}', 1, '2017-05-26 03:37:01', '2017-05-26 03:37:01');

-- --------------------------------------------------------

--
-- Table structure for table `menu`
--

CREATE TABLE `menu` (
  `id` int(10) UNSIGNED NOT NULL,
  `name` varchar(191) COLLATE utf8mb4_unicode_ci NOT NULL
) ENGINE=InnoDB DEFAULT CHARSET=utf8mb4 COLLATE=utf8mb4_unicode_ci;

--
-- Dumping data for table `menu`
--

INSERT INTO `menu` (`id`, `name`) VALUES
(1, 'Admin'),
(2, 'Main'),
(3, 'FotterOne');

-- --------------------------------------------------------

--
-- Table structure for table `migrations`
--

CREATE TABLE `migrations` (
  `id` int(10) UNSIGNED NOT NULL,
  `migration` varchar(191) COLLATE utf8mb4_unicode_ci NOT NULL,
  `batch` int(11) NOT NULL
) ENGINE=InnoDB DEFAULT CHARSET=utf8mb4 COLLATE=utf8mb4_unicode_ci;

--
-- Dumping data for table `migrations`
--

INSERT INTO `migrations` (`id`, `migration`, `batch`) VALUES
(1, '2014_04_11_141239_create_groups_table', 1),
(2, '2014_04_11_141239_create_permissions_table', 1),
(3, '2014_04_11_141239_create_roles_table', 1),
(4, '2014_10_12_000000_create_users_table', 1),
(5, '2014_10_12_100000_create_password_resets_table', 1),
(6, '2016_10_30_174357_links', 1),
(7, '2016_10_30_174359_link_views', 1),
(8, '2017_02_07_172633_create_role_user_table', 1),
(9, '2017_02_07_172657_create_group_role_table', 1),
(10, '2017_02_07_172657_create_permission_group_table', 1),
(11, '2017_02_07_172657_create_permission_role_table', 1),
(12, '2017_02_17_152439_create_permission_user_table', 1),
(13, '2017_04_23_182351_create_settings_table', 1),
(14, '2017_04_25_200458_create_menus_table', 1),
(15, '2017_04_25_211701_create_item_table', 1),
(16, '2017_05_01_230723_create_pages_table', 1),
(17, '2017_05_02_232740_create_logs_table', 1),
(18, '2017_05_05_170821_create_categories_table', 1),
(19, '2017_05_13_130137_create_countries_table', 2),
(20, '2017_05_13_140827_create_states_table', 3),
(21, '2017_05_13_151049_create_products_table', 4),
(22, '2017_05_13_212917_create_contacts_table', 5);

-- --------------------------------------------------------

--
-- Table structure for table `pages`
--

CREATE TABLE `pages` (
  `id` int(10) UNSIGNED NOT NULL,
  `title` varchar(191) COLLATE utf8mb4_unicode_ci NOT NULL,
  `slug` varchar(191) COLLATE utf8mb4_unicode_ci NOT NULL,
  `body` longtext COLLATE utf8mb4_unicode_ci NOT NULL,
  `status` varchar(10) COLLATE utf8mb4_unicode_ci NOT NULL,
  `date` varchar(12) COLLATE utf8mb4_unicode_ci NOT NULL,
  `image` varchar(191) COLLATE utf8mb4_unicode_ci NOT NULL
) ENGINE=InnoDB DEFAULT CHARSET=utf8mb4 COLLATE=utf8mb4_unicode_ci;

--
-- Dumping data for table `pages`
--

INSERT INTO `pages` (`id`, `title`, `slug`, `body`, `status`, `date`, `image`) VALUES
(1, '{"ar":" من نحن ","en":"About us"}', 'about_us', '{"ar":"\\n                    هذا النص هو مثال لنص يمكن أن يستبدل في نفس المساحة، لقد تم توليد هذا النص من مولد النص العربى، حيث يمكنك أن تولد مثل هذا النص أو العديد من النصوص الأخرى إضافة إلى زيادة عدد الحروف التى يولدها التطبيق.\\nإذا كنت تحتاج إلى عدد أكبر من الفقرات يتيح لك مولد النص العربى زيادة عدد الفقرات كما تريد، النص لن يبدو مقسما ولا يحوي أخطاء لغوية، مولد النص العربى مفيد لمصممي المواقع على وجه الخصوص، حيث يحتاج العميل فى كثير من الأحيان أن يطلع على صورة حقيقية لتصميم الموقع.\\nومن هنا وجب على المصمم أن يضع نصوصا مؤقتة على التصميم ليظهر للعميل الشكل كاملاً،دور مولد النص العربى أن يوفر على المصمم عناء البحث عن نص بديل لا علاقة له بالموضوع الذى يتحدث عنه التصميم فيظهر بشكل لا يليق.\\nهذا النص يمكن أن يتم تركيبه على أي تصميم دون مشكلة فلن يبدو وكأنه نص منسوخ، غير منظم، غير منسق، أو حتى غير مفهوم. لأنه مازال نصاً بديلاً ومؤقتاً.\\n            ","en":"\\n                 <p>It is a long established fact that a reader will be distracted by the readable content of a page when looking at its layout. The point of using Lorem Ipsum is that it has a more-or-less normal distribution of letters, as opposed to using ''Content here, content here'', making it look like readable English. Many desktop publishing packages and web page editors now use Lorem Ipsum as their default model text, and a search for ''lorem ipsum'' will uncover many web sites still in their infancy. Various versions have evolved over the years, sometimes by accident, sometimes on purpose (injected humour and the like).<\\/p>\\n                 <p>It is a long established fact that a reader will be distracted by the readable content of a page when looking at its layout. The point of using Lorem Ipsum is that it has a more-or-less normal distribution of letters, as opposed to using ''Content here, content here'', making it look like readable English. Many desktop publishing packages and web page editors now use Lorem Ipsum as their default model text, and a search for ''lorem ipsum'' will uncover many web sites still in their infancy. Various versions have evolved over the years, sometimes by accident, sometimes on purpose (injected humour and the like).<\\/p>\\n             "}', 'Active', '10/10/2010', 'StreamLab.jpg');

-- --------------------------------------------------------

--
-- Table structure for table `password_resets`
--

CREATE TABLE `password_resets` (
  `email` varchar(191) COLLATE utf8mb4_unicode_ci NOT NULL,
  `token` varchar(191) COLLATE utf8mb4_unicode_ci NOT NULL,
  `created_at` timestamp NULL DEFAULT NULL
) ENGINE=InnoDB DEFAULT CHARSET=utf8mb4 COLLATE=utf8mb4_unicode_ci;

-- --------------------------------------------------------

--
-- Table structure for table `permissions`
--

CREATE TABLE `permissions` (
  `id` int(10) UNSIGNED NOT NULL,
  `name` varchar(191) COLLATE utf8mb4_unicode_ci NOT NULL,
  `slug` varchar(191) COLLATE utf8mb4_unicode_ci NOT NULL,
  `description` varchar(191) COLLATE utf8mb4_unicode_ci DEFAULT NULL,
  `model` varchar(191) COLLATE utf8mb4_unicode_ci NOT NULL,
  `action_add` varchar(3) COLLATE utf8mb4_unicode_ci NOT NULL,
  `action_edit` varchar(3) COLLATE utf8mb4_unicode_ci NOT NULL,
  `action_delete` varchar(3) COLLATE utf8mb4_unicode_ci NOT NULL,
  `action_view` varchar(3) COLLATE utf8mb4_unicode_ci NOT NULL
) ENGINE=InnoDB DEFAULT CHARSET=utf8mb4 COLLATE=utf8mb4_unicode_ci;

--
-- Dumping data for table `permissions`
--

INSERT INTO `permissions` (`id`, `name`, `slug`, `description`, `model`, `action_add`, `action_edit`, `action_delete`, `action_view`) VALUES
(1, 'User', 'user', 'Full Access to all user model', 'user', 'on', 'on', 'on', 'on'),
(2, 'Group', 'group', 'Full Access to all group model', 'group', 'on', 'on', 'on', 'on'),
(3, 'Role', 'role', 'Full Access to all user Role', 'role', 'on', 'on', 'on', 'on'),
(4, 'Permission', 'permission', 'Full Access to all permission model', 'permission', 'on', 'on', 'on', 'on'),
(5, 'Setting', 'setting', 'Full Access to all setting model', 'setting', 'on', 'on', 'on', 'on'),
(6, 'Menu', 'menu', 'Full Access to all setting Menu', 'menu', 'on', 'on', 'on', 'on'),
(7, 'Page', 'page', 'Full Access to all setting Page', 'page', 'on', 'on', 'on', 'on'),
(8, 'Log', 'log', 'Full Access to all setting log', 'log', 'on', 'on', 'on', 'on'),
(9, 'Categories', 'Categories', 'Full Access to all setting Categories', 'categorie', 'on', 'on', 'on', 'on'),
(10, 'Coutntry', 'Coutntry', 'Coutntry Contro', 'country', 'on', 'on', 'on', 'on'),
(11, 'State', 'State', 'State Control', 'state', 'on', 'on', 'on', 'on'),
(12, 'product', 'product', 'product control', 'product', 'on', 'on', 'on', 'on'),
(13, 'contact', 'contact', 'contact', 'contact', 'on', 'on', 'on', 'on'),
(17, 'product editor', 'editor', 'person who accept the product to show on the website', 'product', 'off', 'on', 'off', 'on');

-- --------------------------------------------------------

--
-- Table structure for table `permission_group`
--

CREATE TABLE `permission_group` (
  `id` int(10) UNSIGNED NOT NULL,
  `permission_id` int(10) UNSIGNED NOT NULL,
  `group_id` int(10) UNSIGNED NOT NULL
) ENGINE=InnoDB DEFAULT CHARSET=utf8mb4 COLLATE=utf8mb4_unicode_ci;

--
-- Dumping data for table `permission_group`
--

INSERT INTO `permission_group` (`id`, `permission_id`, `group_id`) VALUES
(1, 10, 1),
(2, 11, 1),
(3, 12, 1),
(4, 13, 1),
(8, 17, 5);

-- --------------------------------------------------------

--
-- Table structure for table `permission_role`
--

CREATE TABLE `permission_role` (
  `id` int(10) UNSIGNED NOT NULL,
  `permission_id` int(10) UNSIGNED NOT NULL,
  `role_id` int(10) UNSIGNED NOT NULL
) ENGINE=InnoDB DEFAULT CHARSET=utf8mb4 COLLATE=utf8mb4_unicode_ci;

--
-- Dumping data for table `permission_role`
--

INSERT INTO `permission_role` (`id`, `permission_id`, `role_id`) VALUES
(1, 1, 1),
(2, 2, 2),
(3, 3, 3),
(4, 4, 4),
(5, 5, 5),
(6, 6, 6),
(7, 7, 7),
(8, 8, 8),
(9, 9, 9);

-- --------------------------------------------------------

--
-- Table structure for table `permission_user`
--

CREATE TABLE `permission_user` (
  `id` int(10) UNSIGNED NOT NULL,
  `permission_id` int(10) UNSIGNED NOT NULL,
  `user_id` int(10) UNSIGNED NOT NULL
) ENGINE=InnoDB DEFAULT CHARSET=utf8mb4 COLLATE=utf8mb4_unicode_ci;

-- --------------------------------------------------------

--
-- Table structure for table `product`
--

CREATE TABLE `product` (
  `id` int(10) UNSIGNED NOT NULL,
  `name` varchar(200) COLLATE utf8mb4_unicode_ci NOT NULL,
  `des` varchar(600) COLLATE utf8mb4_unicode_ci NOT NULL,
  `price` double(8,2) NOT NULL,
  `image` varchar(500) COLLATE utf8mb4_unicode_ci NOT NULL,
  `status` varchar(30) COLLATE utf8mb4_unicode_ci NOT NULL,
  `lat` varchar(60) COLLATE utf8mb4_unicode_ci NOT NULL,
  `lng` varchar(30) COLLATE utf8mb4_unicode_ci NOT NULL,
  `phone` varchar(20) COLLATE utf8mb4_unicode_ci NOT NULL,
  `country_id` int(10) UNSIGNED NOT NULL,
  `state_id` int(10) UNSIGNED NOT NULL,
  `user_id` int(10) UNSIGNED NOT NULL,
  `cat_id` int(10) UNSIGNED NOT NULL
) ENGINE=InnoDB DEFAULT CHARSET=utf8mb4 COLLATE=utf8mb4_unicode_ci;

--
-- Dumping data for table `product`
--

INSERT INTO `product` (`id`, `name`, `des`, `price`, `image`, `status`, `lat`, `lng`, `phone`, `country_id`, `state_id`, `user_id`, `cat_id`) VALUES
(4, 'mobile one', 'asdasdasdasdasdasdasdasdasdasdasdasdasdasdasdasdasdasdasdasdasdasdasdasd', 34567.00, '["54304_1495239595.jpg","72058_1495239595.jpg","59251_1495239595.jpg","90809_1495239595.jpg","54710_1495239595.jpg"]', 'success', '45678', '456789', '3456789', 1, 1, 1, 3),
(5, 'HI', 'asdasdasdasdasdasdasdasdasdasdasdasdasdasdasdasdasdasdasdasdasdasdasdasd', 34567.00, '["54304_1495239595.jpg","72058_1495239595.jpg","59251_1495239595.jpg","90809_1495239595.jpg","54710_1495239595.jpg"]', 'success', '45678', '456789', '3456789', 1, 2, 1, 3),
(6, 'mobile two', 'asdasdasdasdasdasdasdasdasdasdasdasdasdasdasdasdasdasdasdasdasdasdasdasd', 34567.00, '["54304_1495239595.jpg","72058_1495239595.jpg","59251_1495239595.jpg","90809_1495239595.jpg","54710_1495239595.jpg"]', 'success', '45678', '456789', '3456789', 1, 2, 1, 4),
(7, 'mobile three', 'asdasdasdasdasdasdasdasdasdasdasdasdasdasdasdasdasdasdasdasdasdasdasdasd', 34567.00, '["54304_1495239595.jpg","72058_1495239595.jpg","59251_1495239595.jpg","90809_1495239595.jpg","54710_1495239595.jpg"]', 'success', '45678', '456789', '3456789', 1, 2, 1, 4),
(8, 'mobile  four', 'asdasdasdasdasdasdasdasdasdasdasdasdasdasdasdasdasdasdasdasdasdasdasdasd', 34567.00, '["54304_1495239595.jpg","72058_1495239595.jpg","59251_1495239595.jpg","90809_1495239595.jpg","54710_1495239595.jpg"]', 'success', '45678', '456789', '3456789', 1, 2, 1, 4),
(10, 'sdasdasdasdasdasdasd as sadas', 'sdasdasdasdasdasdasd as sadassdasdasdasdasdasdasd as sadas', 1234.00, '["41720_1495285318.jpg","53289_1495285318.jpg"]', 'success', '0', '0', '123456789', 1, 1, 1, 3),
(11, 'asdasdasd asdasdasdasdas', 'asdasd asdas das das das das dasdasdasd', 12345.00, '["86102_1495285547.jpg"]', 'success', '0', '0', '1234567890', 1, 1, 1, 3),
(12, 'Postion Test', 'Postion TestPostion TestPostion TestPostion TestPostion TestPostion TestPostion TestPostion TestPostion TestPostion TestPostion TestPostion Test', 100.00, '["45220_1495774624.jpg","28465_1495774625.jpg"]', 'wating', '30.033209399999997', '31.180669399999996', '01157764977', 1, 2, 1, 3);

-- --------------------------------------------------------

--
-- Table structure for table `roles`
--

CREATE TABLE `roles` (
  `id` int(10) UNSIGNED NOT NULL,
  `name` varchar(191) COLLATE utf8mb4_unicode_ci NOT NULL,
  `slug` varchar(191) COLLATE utf8mb4_unicode_ci NOT NULL,
  `description` varchar(191) COLLATE utf8mb4_unicode_ci DEFAULT NULL
) ENGINE=InnoDB DEFAULT CHARSET=utf8mb4 COLLATE=utf8mb4_unicode_ci;

--
-- Dumping data for table `roles`
--

INSERT INTO `roles` (`id`, `name`, `slug`, `description`) VALUES
(1, 'User', 'user', 'Add , edit , delete , view role to model user'),
(2, 'Group', 'group', 'Add , edit , delete , view role to model group'),
(3, 'Role', 'role', 'Add , edit , delete , view role to model role'),
(4, 'Permission', 'permission', 'Add , edit , delete , view role to model permission'),
(5, 'Setting', 'setting', 'Add , edit , delete , view role to model setting'),
(6, 'Menu', 'menu', 'Add , edit , delete , view role to model Menu'),
(7, 'Page', 'page', 'Add , edit , delete , view role to model Page'),
(8, 'Log', 'log', 'Add , edit , delete , view role to model Log'),
(9, 'Categories', 'Categories', 'Add , edit , delete , view role to model Categories');

-- --------------------------------------------------------

--
-- Table structure for table `role_user`
--

CREATE TABLE `role_user` (
  `id` int(10) UNSIGNED NOT NULL,
  `role_id` int(10) UNSIGNED NOT NULL,
  `user_id` int(10) UNSIGNED NOT NULL
) ENGINE=InnoDB DEFAULT CHARSET=utf8mb4 COLLATE=utf8mb4_unicode_ci;

-- --------------------------------------------------------

--
-- Table structure for table `setting`
--

CREATE TABLE `setting` (
  `id` int(10) UNSIGNED NOT NULL,
  `name` varchar(191) COLLATE utf8mb4_unicode_ci NOT NULL,
  `type` varchar(30) COLLATE utf8mb4_unicode_ci NOT NULL,
  `body_setting` varchar(1000) COLLATE utf8mb4_unicode_ci NOT NULL
) ENGINE=InnoDB DEFAULT CHARSET=utf8mb4 COLLATE=utf8mb4_unicode_ci;

--
-- Dumping data for table `setting`
--

INSERT INTO `setting` (`id`, `name`, `type`, `body_setting`) VALUES
(1, 'siteTitle', 'text', 'Advertising'),
(2, 'facebook', 'text', 'https://www.facebook.com/'),
(3, 'youtube', 'text', 'youtube.com');

-- --------------------------------------------------------

--
-- Table structure for table `state`
--

CREATE TABLE `state` (
  `id` int(10) UNSIGNED NOT NULL,
  `name` varchar(100) COLLATE utf8mb4_unicode_ci NOT NULL,
  `country_id` int(10) UNSIGNED NOT NULL,
  `slug` varchar(50) COLLATE utf8mb4_unicode_ci NOT NULL
) ENGINE=InnoDB DEFAULT CHARSET=utf8mb4 COLLATE=utf8mb4_unicode_ci;

--
-- Dumping data for table `state`
--

INSERT INTO `state` (`id`, `name`, `country_id`, `slug`) VALUES
(1, '{"en":"Cairo","ar":"القاهرة"}', 1, 'cairo'),
(2, '{"en":"giza","ar":"الجيزة"}', 1, 'giza'),
(3, '{"en":"Kwait","ar":"الكويت"}', 3, 'kwait');

-- --------------------------------------------------------

--
-- Table structure for table `users`
--

CREATE TABLE `users` (
  `id` int(10) UNSIGNED NOT NULL,
  `name` varchar(191) COLLATE utf8mb4_unicode_ci NOT NULL,
  `email` varchar(191) COLLATE utf8mb4_unicode_ci NOT NULL,
  `password` varchar(191) COLLATE utf8mb4_unicode_ci NOT NULL,
  `group_id` int(11) NOT NULL,
  `remember_token` varchar(100) COLLATE utf8mb4_unicode_ci DEFAULT NULL,
  `country_id` int(11) NOT NULL,
  `created_at` timestamp NULL DEFAULT NULL,
  `updated_at` timestamp NULL DEFAULT NULL
) ENGINE=InnoDB DEFAULT CHARSET=utf8mb4 COLLATE=utf8mb4_unicode_ci;

--
-- Dumping data for table `users`
--

INSERT INTO `users` (`id`, `name`, `email`, `password`, `group_id`, `remember_token`, `country_id`, `created_at`, `updated_at`) VALUES
(1, 'admin', 'admin@gmail.com', '$2y$10$kZgDTF5G2OmQfzyyhBNLMONYDEi65aOUyjEHuaKROBgGVlB8A7kpu', 1, 'HKcQSOUdapPM1jFJFeBt9b9E5zBCde42dOSOIKSgJNVOi4Eti7d0RcNXe1YS', 1, '2017-05-13 06:35:14', '2017-05-13 19:13:41'),
(2, 'adminadmin', 'adminadmin@gmail.com', '$2y$10$jx3CcKakBO8nurIBQU234uavQd1bcWrGwOIMelE8QpdfxtPn1UmRO', 1, 'f8YD8PWhO3QZLcRZbjvvxjdMcJM5ZDMkRA3Lx276zldLsg88WsswFtKVx4Wa', 1, '2017-05-13 06:35:14', NULL),
(3, 'test', 'zizo1999988@gmail.com', '$2y$10$FeD6UJITcjl8SmAhVStDeuci8JhrBudrszncCHmhUTGgjObTCqA9i', 2, 'AysvveMt308VVKuPrplcBvkfB9HocGtgkqzvD0f82u5L6HLqGBeRP8TGu6Y6', 1, '2017-05-18 23:25:08', '2017-05-18 23:25:08');

--
-- Indexes for dumped tables
--

--
-- Indexes for table `categories`
--
ALTER TABLE `categories`
  ADD PRIMARY KEY (`id`);

--
-- Indexes for table `contact`
--
ALTER TABLE `contact`
  ADD PRIMARY KEY (`id`);

--
-- Indexes for table `country`
--
ALTER TABLE `country`
  ADD PRIMARY KEY (`id`);

--
-- Indexes for table `groups`
--
ALTER TABLE `groups`
  ADD PRIMARY KEY (`id`);

--
-- Indexes for table `group_role`
--
ALTER TABLE `group_role`
  ADD PRIMARY KEY (`id`),
  ADD KEY `group_role_group_id_foreign` (`group_id`),
  ADD KEY `group_role_role_id_foreign` (`role_id`);

--
-- Indexes for table `items`
--
ALTER TABLE `items`
  ADD PRIMARY KEY (`id`),
  ADD UNIQUE KEY `items_name_unique` (`name`),
  ADD KEY `items_menu_id_foreign` (`menu_id`);

--
-- Indexes for table `links`
--
ALTER TABLE `links`
  ADD PRIMARY KEY (`id`),
  ADD UNIQUE KEY `links_slug_unique` (`slug`);

--
-- Indexes for table `link_views`
--
ALTER TABLE `link_views`
  ADD PRIMARY KEY (`id`);

--
-- Indexes for table `logs`
--
ALTER TABLE `logs`
  ADD PRIMARY KEY (`id`),
  ADD KEY `logs_user_id_foreign` (`user_id`);

--
-- Indexes for table `menu`
--
ALTER TABLE `menu`
  ADD PRIMARY KEY (`id`);

--
-- Indexes for table `migrations`
--
ALTER TABLE `migrations`
  ADD PRIMARY KEY (`id`);

--
-- Indexes for table `pages`
--
ALTER TABLE `pages`
  ADD PRIMARY KEY (`id`),
  ADD UNIQUE KEY `pages_slug_unique` (`slug`);

--
-- Indexes for table `password_resets`
--
ALTER TABLE `password_resets`
  ADD KEY `password_resets_email_index` (`email`);

--
-- Indexes for table `permissions`
--
ALTER TABLE `permissions`
  ADD PRIMARY KEY (`id`);

--
-- Indexes for table `permission_group`
--
ALTER TABLE `permission_group`
  ADD PRIMARY KEY (`id`),
  ADD KEY `permission_group_permission_id_foreign` (`permission_id`),
  ADD KEY `permission_group_group_id_foreign` (`group_id`);

--
-- Indexes for table `permission_role`
--
ALTER TABLE `permission_role`
  ADD PRIMARY KEY (`id`),
  ADD KEY `permission_role_role_id_foreign` (`role_id`),
  ADD KEY `permission_role_permission_id_index` (`permission_id`);

--
-- Indexes for table `permission_user`
--
ALTER TABLE `permission_user`
  ADD PRIMARY KEY (`id`),
  ADD KEY `permission_user_permission_id_foreign` (`permission_id`),
  ADD KEY `permission_user_user_id_foreign` (`user_id`);

--
-- Indexes for table `product`
--
ALTER TABLE `product`
  ADD PRIMARY KEY (`id`),
  ADD KEY `product_country_id_foreign` (`country_id`),
  ADD KEY `product_state_id_foreign` (`state_id`),
  ADD KEY `product_user_id_foreign` (`user_id`),
  ADD KEY `product_cat_id_foreign` (`cat_id`);

--
-- Indexes for table `roles`
--
ALTER TABLE `roles`
  ADD PRIMARY KEY (`id`);

--
-- Indexes for table `role_user`
--
ALTER TABLE `role_user`
  ADD PRIMARY KEY (`id`),
  ADD KEY `role_user_role_id_foreign` (`role_id`),
  ADD KEY `role_user_user_id_foreign` (`user_id`);

--
-- Indexes for table `setting`
--
ALTER TABLE `setting`
  ADD PRIMARY KEY (`id`);

--
-- Indexes for table `state`
--
ALTER TABLE `state`
  ADD PRIMARY KEY (`id`),
  ADD KEY `state_country_id_foreign` (`country_id`);

--
-- Indexes for table `users`
--
ALTER TABLE `users`
  ADD PRIMARY KEY (`id`),
  ADD UNIQUE KEY `users_email_unique` (`email`);

--
-- AUTO_INCREMENT for dumped tables
--

--
-- AUTO_INCREMENT for table `categories`
--
ALTER TABLE `categories`
  MODIFY `id` int(10) UNSIGNED NOT NULL AUTO_INCREMENT, AUTO_INCREMENT=6;
--
-- AUTO_INCREMENT for table `contact`
--
ALTER TABLE `contact`
  MODIFY `id` int(10) UNSIGNED NOT NULL AUTO_INCREMENT;
--
-- AUTO_INCREMENT for table `country`
--
ALTER TABLE `country`
  MODIFY `id` int(10) UNSIGNED NOT NULL AUTO_INCREMENT, AUTO_INCREMENT=8;
--
-- AUTO_INCREMENT for table `groups`
--
ALTER TABLE `groups`
  MODIFY `id` int(10) UNSIGNED NOT NULL AUTO_INCREMENT, AUTO_INCREMENT=6;
--
-- AUTO_INCREMENT for table `group_role`
--
ALTER TABLE `group_role`
  MODIFY `id` int(10) UNSIGNED NOT NULL AUTO_INCREMENT, AUTO_INCREMENT=10;
--
-- AUTO_INCREMENT for table `items`
--
ALTER TABLE `items`
  MODIFY `id` int(10) UNSIGNED NOT NULL AUTO_INCREMENT, AUTO_INCREMENT=26;
--
-- AUTO_INCREMENT for table `links`
--
ALTER TABLE `links`
  MODIFY `id` int(10) UNSIGNED NOT NULL AUTO_INCREMENT, AUTO_INCREMENT=85;
--
-- AUTO_INCREMENT for table `link_views`
--
ALTER TABLE `link_views`
  MODIFY `id` int(10) UNSIGNED NOT NULL AUTO_INCREMENT, AUTO_INCREMENT=1057;
--
-- AUTO_INCREMENT for table `logs`
--
ALTER TABLE `logs`
  MODIFY `id` int(10) UNSIGNED NOT NULL AUTO_INCREMENT, AUTO_INCREMENT=410;
--
-- AUTO_INCREMENT for table `menu`
--
ALTER TABLE `menu`
  MODIFY `id` int(10) UNSIGNED NOT NULL AUTO_INCREMENT, AUTO_INCREMENT=4;
--
-- AUTO_INCREMENT for table `migrations`
--
ALTER TABLE `migrations`
  MODIFY `id` int(10) UNSIGNED NOT NULL AUTO_INCREMENT, AUTO_INCREMENT=23;
--
-- AUTO_INCREMENT for table `pages`
--
ALTER TABLE `pages`
  MODIFY `id` int(10) UNSIGNED NOT NULL AUTO_INCREMENT, AUTO_INCREMENT=2;
--
-- AUTO_INCREMENT for table `permissions`
--
ALTER TABLE `permissions`
  MODIFY `id` int(10) UNSIGNED NOT NULL AUTO_INCREMENT, AUTO_INCREMENT=18;
--
-- AUTO_INCREMENT for table `permission_group`
--
ALTER TABLE `permission_group`
  MODIFY `id` int(10) UNSIGNED NOT NULL AUTO_INCREMENT, AUTO_INCREMENT=9;
--
-- AUTO_INCREMENT for table `permission_role`
--
ALTER TABLE `permission_role`
  MODIFY `id` int(10) UNSIGNED NOT NULL AUTO_INCREMENT, AUTO_INCREMENT=10;
--
-- AUTO_INCREMENT for table `permission_user`
--
ALTER TABLE `permission_user`
  MODIFY `id` int(10) UNSIGNED NOT NULL AUTO_INCREMENT;
--
-- AUTO_INCREMENT for table `product`
--
ALTER TABLE `product`
  MODIFY `id` int(10) UNSIGNED NOT NULL AUTO_INCREMENT, AUTO_INCREMENT=13;
--
-- AUTO_INCREMENT for table `roles`
--
ALTER TABLE `roles`
  MODIFY `id` int(10) UNSIGNED NOT NULL AUTO_INCREMENT, AUTO_INCREMENT=10;
--
-- AUTO_INCREMENT for table `role_user`
--
ALTER TABLE `role_user`
  MODIFY `id` int(10) UNSIGNED NOT NULL AUTO_INCREMENT;
--
-- AUTO_INCREMENT for table `setting`
--
ALTER TABLE `setting`
  MODIFY `id` int(10) UNSIGNED NOT NULL AUTO_INCREMENT, AUTO_INCREMENT=4;
--
-- AUTO_INCREMENT for table `state`
--
ALTER TABLE `state`
  MODIFY `id` int(10) UNSIGNED NOT NULL AUTO_INCREMENT, AUTO_INCREMENT=4;
--
-- AUTO_INCREMENT for table `users`
--
ALTER TABLE `users`
  MODIFY `id` int(10) UNSIGNED NOT NULL AUTO_INCREMENT, AUTO_INCREMENT=4;
--
-- Constraints for dumped tables
--

--
-- Constraints for table `group_role`
--
ALTER TABLE `group_role`
  ADD CONSTRAINT `group_role_group_id_foreign` FOREIGN KEY (`group_id`) REFERENCES `groups` (`id`) ON DELETE CASCADE,
  ADD CONSTRAINT `group_role_role_id_foreign` FOREIGN KEY (`role_id`) REFERENCES `roles` (`id`) ON DELETE CASCADE;

--
-- Constraints for table `items`
--
ALTER TABLE `items`
  ADD CONSTRAINT `items_menu_id_foreign` FOREIGN KEY (`menu_id`) REFERENCES `menu` (`id`) ON DELETE CASCADE;

--
-- Constraints for table `logs`
--
ALTER TABLE `logs`
  ADD CONSTRAINT `logs_user_id_foreign` FOREIGN KEY (`user_id`) REFERENCES `users` (`id`) ON DELETE CASCADE;

--
-- Constraints for table `permission_group`
--
ALTER TABLE `permission_group`
  ADD CONSTRAINT `permission_group_group_id_foreign` FOREIGN KEY (`group_id`) REFERENCES `groups` (`id`) ON DELETE CASCADE,
  ADD CONSTRAINT `permission_group_permission_id_foreign` FOREIGN KEY (`permission_id`) REFERENCES `permissions` (`id`) ON DELETE CASCADE;

--
-- Constraints for table `permission_role`
--
ALTER TABLE `permission_role`
  ADD CONSTRAINT `permission_role_permission_id_foreign` FOREIGN KEY (`permission_id`) REFERENCES `permissions` (`id`) ON DELETE CASCADE,
  ADD CONSTRAINT `permission_role_role_id_foreign` FOREIGN KEY (`role_id`) REFERENCES `roles` (`id`) ON DELETE CASCADE;

--
-- Constraints for table `permission_user`
--
ALTER TABLE `permission_user`
  ADD CONSTRAINT `permission_user_permission_id_foreign` FOREIGN KEY (`permission_id`) REFERENCES `permissions` (`id`) ON DELETE CASCADE,
  ADD CONSTRAINT `permission_user_user_id_foreign` FOREIGN KEY (`user_id`) REFERENCES `users` (`id`) ON DELETE CASCADE;

--
-- Constraints for table `product`
--
ALTER TABLE `product`
  ADD CONSTRAINT `product_cat_id_foreign` FOREIGN KEY (`cat_id`) REFERENCES `categories` (`id`) ON DELETE CASCADE,
  ADD CONSTRAINT `product_country_id_foreign` FOREIGN KEY (`country_id`) REFERENCES `country` (`id`) ON DELETE CASCADE,
  ADD CONSTRAINT `product_state_id_foreign` FOREIGN KEY (`state_id`) REFERENCES `state` (`id`) ON DELETE CASCADE,
  ADD CONSTRAINT `product_user_id_foreign` FOREIGN KEY (`user_id`) REFERENCES `users` (`id`) ON DELETE CASCADE;

--
-- Constraints for table `role_user`
--
ALTER TABLE `role_user`
  ADD CONSTRAINT `role_user_role_id_foreign` FOREIGN KEY (`role_id`) REFERENCES `roles` (`id`) ON DELETE CASCADE,
  ADD CONSTRAINT `role_user_user_id_foreign` FOREIGN KEY (`user_id`) REFERENCES `users` (`id`) ON DELETE CASCADE;

--
-- Constraints for table `state`
--
ALTER TABLE `state`
  ADD CONSTRAINT `state_country_id_foreign` FOREIGN KEY (`country_id`) REFERENCES `country` (`id`) ON DELETE CASCADE;

/*!40101 SET CHARACTER_SET_CLIENT=@OLD_CHARACTER_SET_CLIENT */;
/*!40101 SET CHARACTER_SET_RESULTS=@OLD_CHARACTER_SET_RESULTS */;
/*!40101 SET COLLATION_CONNECTION=@OLD_COLLATION_CONNECTION */;
